id,submission_date,business_dist,business_type,business_yrs_in_operation,hhs_measures_placed_sanitizers,hhs_measures_trained_employes_on_hhs,hhs_measures_placed_thermal_screening,hhs_measures_maintained_social_distancing,hhs_measures_implemented_cashless_payment,hhs_measures_discontinued_buffed_services,hhs_measures_added_covid_friendly_marketing,hhs_measures_outsourced_services,other_hhs_measures,no_hhs_measures,wrkrs_hlth_informed_covid_saftey_measures,wrkrs_hlth_encouraged_home_stay_if_sick,wrkrs_hlth_maintained_social_distancing,wrkrs_hlth_implemented_working_shifts,wrkrs_hlth_implemented_remote_working,wrkrs_hlth_performed_temperature_checks,wrkrs_hlth_provided_ppe,wrkrs_hlth_provided_paid_sick_leave,wrkrs_hlth_provided_covid_insurance,other_wrkrs_hlth_measures,no_wrkrs_hlth_measures,internl_recvry_strategy_reduce_prdocution,internl_recvry_strategy_increase_production,internl_recvry_strategy_diversify_offerings,internl_recvry_strategy_start_different_business,internl_recvry_strategy_diversify_sales_channels,internl_recvry_strategy_retrain_workers,other_internl_recvry_strategy,no_internl_recvry_strategy,externl_recvry_strategy_negotiate_bank_paymnts,externl_recvry_strategy_lobby_support_trade_unions,externl_recvry_strategy_negotiate_with_wrkrs_union,externl_recvry_strategy_negotiate_with_property_owner,externl_recvry_strategy_partner_with_other_business,externl_recvry_strategy_increase_shareholders,externl_recvry_strategy_share_assets_other_business,other_externl_recvry_strategy,no_externl_recvry_strategy,has_dedictd_covid_desk
174444706,2021-04-28,Kathmandu,Restaurant and Bar,11 years or above,1,1,1,1,1,0,1,1,0,0,1.0,1.0,1.0,1.0,0.0,1.0,1.0,1.0,0.0,0.0,0.0,0.0,0.0,0.0,0.0,0.0,0.0,0.0,1.0,0.0,0.0,0.0,1.0,0.0,0.0,0.0,0.0,0.0,0
176510702,2021-05-07,Mahottari,Restaurant and Bar,3 to 5 years,1,1,1,1,0,0,0,0,0,0,1.0,1.0,0.0,0.0,0.0,0.0,0.0,0.0,0.0,0.0,0.0,0.0,1.0,1.0,0.0,0.0,0.0,0.0,0.0,0.0,0.0,0.0,1.0,1.0,0.0,0.0,0.0,0.0,0
173876161,2021-04-26,Chitawan,Hotel,11 years or above,1,1,1,1,0,1,0,0,0,0,1.0,1.0,1.0,1.0,0.0,1.0,1.0,1.0,1.0,0.0,0.0,1.0,0.0,0.0,0.0,0.0,0.0,0.0,0.0,1.0,1.0,0.0,1.0,0.0,0.0,0.0,0.0,0.0,0
175156051,2021-05-01,Lalitpur,Hotel,3 to 5 years,1,0,0,1,0,0,0,0,0,0,1.0,1.0,0.0,0.0,0.0,0.0,0.0,0.0,0.0,0.0,0.0,1.0,0.0,0.0,0.0,0.0,0.0,0.0,0.0,1.0,0.0,0.0,1.0,0.0,0.0,0.0,0.0,0.0,0
178003908,2021-05-16,Lalitpur,Hotel,1 to 2 years,1,1,0,0,0,0,1,0,0,0,1.0,1.0,1.0,0.0,0.0,0.0,1.0,1.0,1.0,0.0,0.0,1.0,0.0,0.0,0.0,0.0,0.0,0.0,0.0,0.0,0.0,0.0,1.0,1.0,1.0,1.0,0.0,0.0,1
174239755,2021-04-27,Kathmandu,Travel and Tour Operator,6 to 10 years,1,1,0,0,0,0,0,0,0,0,1.0,1.0,0.0,0.0,0.0,0.0,0.0,0.0,0.0,0.0,0.0,0.0,0.0,1.0,1.0,1.0,0.0,0.0,0.0,0.0,0.0,0.0,0.0,0.0,1.0,0.0,0.0,0.0,0
174968501,2021-04-30,Kathmandu,Trekking,1 to 2 years,1,0,0,0,0,0,0,0,0,0,1.0,0.0,0.0,0.0,0.0,0.0,0.0,0.0,0.0,0.0,0.0,0.0,0.0,0.0,0.0,1.0,0.0,0.0,0.0,0.0,1.0,0.0,0.0,1.0,0.0,0.0,0.0,0.0,0
174752078,2021-04-29,Kathmandu,Travel and Tour Operator,1 to 2 years,1,1,1,1,1,0,1,0,0,0,,,,,,,,,,,,,,,,,,,,,,,,,,,,,
175185876,2021-05-01,Kathmandu,Handicraft,11 years or above,1,0,0,1,0,0,0,0,0,0,0.0,1.0,1.0,0.0,0.0,0.0,1.0,0.0,0.0,0.0,0.0,1.0,0.0,0.0,0.0,0.0,0.0,0.0,0.0,0.0,0.0,0.0,1.0,0.0,0.0,0.0,0.0,0.0,0
175199056,2021-05-01,Kathmandu,Handicraft,6 to 10 years,1,1,0,1,0,0,0,0,0,0,0.0,1.0,1.0,1.0,0.0,0.0,0.0,0.0,0.0,0.0,0.0,0.0,0.0,0.0,0.0,0.0,0.0,1.0,0.0,0.0,0.0,0.0,0.0,0.0,0.0,0.0,1.0,0.0,0
175293763,2021-05-02,Kathmandu,Travel and Tour Operator,11 years or above,0,0,0,0,0,0,1,0,0,0,0.0,1.0,0.0,0.0,0.0,0.0,0.0,0.0,0.0,0.0,0.0,0.0,0.0,0.0,1.0,0.0,0.0,0.0,0.0,1.0,0.0,0.0,0.0,0.0,0.0,0.0,0.0,0.0,0
175218157,2021-05-01,Kathmandu,Shop/Merchandise,11 years or above,0,0,0,1,0,0,0,0,0,0,0.0,0.0,0.0,0.0,0.0,0.0,0.0,0.0,0.0,1.0,0.0,0.0,0.0,0.0,0.0,0.0,0.0,1.0,0.0,0.0,0.0,0.0,0.0,0.0,0.0,0.0,1.0,0.0,0
174441841,2021-04-28,Kathmandu,Shop/Merchandise,11 years or above,0,0,0,0,0,0,0,1,0,0,,,,,,,,,,,,,,,,,,,,,,,,,,,,,
175469363,2021-05-03,Bardiya,Hotel,11 years or above,1,1,1,1,0,0,0,0,0,0,,,,,,,,,,,,,,,,,,,,,,,,,,,,,
181204012,2021-05-30,Kathmandu,Travel and Tour Operator,6 to 10 years,1,1,1,1,1,0,0,0,0,0,1.0,1.0,1.0,1.0,1.0,0.0,1.0,1.0,0.0,0.0,0.0,0.0,0.0,0.0,0.0,0.0,0.0,0.0,1.0,0.0,0.0,0.0,0.0,0.0,0.0,0.0,0.0,1.0,0
175538470,2021-05-03,Kathmandu,Handicraft,11 years or above,1,0,0,0,0,0,0,0,0,0,,,,,,,,,,,,,,,,,,,,,,,,,,,,,
176031355,2021-05-05,Kathmandu,Rafting,11 years or above,0,1,0,0,0,0,1,0,0,0,1.0,1.0,0.0,0.0,0.0,1.0,1.0,1.0,1.0,0.0,0.0,0.0,0.0,0.0,0.0,1.0,1.0,0.0,0.0,0.0,0.0,0.0,0.0,0.0,0.0,0.0,0.0,1.0,1
173959067,2021-04-26,Kathmandu,Hotel,3 to 5 years,1,0,0,0,0,0,0,0,0,0,1.0,1.0,0.0,0.0,0.0,0.0,0.0,0.0,0.0,0.0,0.0,0.0,0.0,0.0,0.0,0.0,0.0,0.0,1.0,0.0,0.0,0.0,0.0,0.0,0.0,0.0,0.0,1.0,0
175385290,2021-05-02,Kathmandu,Hotel,3 to 5 years,1,1,1,1,0,1,1,0,0,0,,,,,,,,,,,,,,,,,,,,,,,,,,,,,
174937761,2021-04-30,Kathmandu,Other,6 to 10 years,1,1,0,0,0,0,0,0,0,0,1.0,1.0,0.0,1.0,0.0,1.0,1.0,0.0,0.0,0.0,0.0,0.0,0.0,0.0,0.0,1.0,0.0,0.0,0.0,0.0,0.0,0.0,1.0,0.0,0.0,0.0,0.0,0.0,1
174454679,2021-04-28,Kathmandu,Shop/Merchandise,3 to 5 years,0,0,0,1,0,0,0,0,0,0,1.0,1.0,1.0,0.0,0.0,1.0,1.0,1.0,0.0,0.0,0.0,0.0,0.0,0.0,0.0,1.0,0.0,0.0,0.0,1.0,0.0,0.0,0.0,0.0,0.0,0.0,0.0,0.0,0
176017595,2021-05-05,Kathmandu,Shop/Merchandise,6 to 10 years,1,0,0,1,0,0,0,0,0,0,0.0,1.0,0.0,0.0,0.0,1.0,0.0,0.0,0.0,0.0,0.0,0.0,0.0,0.0,0.0,0.0,0.0,0.0,1.0,0.0,0.0,0.0,0.0,0.0,0.0,0.0,0.0,1.0,0
174220881,2021-04-27,Kathmandu,Hotel,1 to 2 years,1,1,1,1,0,0,1,0,0,0,1.0,1.0,1.0,0.0,0.0,1.0,1.0,0.0,0.0,0.0,0.0,0.0,0.0,0.0,0.0,0.0,0.0,0.0,1.0,0.0,0.0,0.0,0.0,0.0,0.0,0.0,0.0,1.0,0
175154235,2021-05-01,Kathmandu,Handicraft,6 to 10 years,1,0,0,1,0,0,0,0,0,0,0.0,1.0,1.0,0.0,0.0,0.0,0.0,0.0,0.0,0.0,0.0,1.0,0.0,0.0,0.0,1.0,0.0,0.0,0.0,0.0,0.0,0.0,1.0,0.0,0.0,0.0,0.0,0.0,0
174262574,2021-04-27,Kathmandu,Travel and Tour Operator,1 to 2 years,0,0,0,1,1,0,1,0,0,0,0.0,1.0,0.0,1.0,1.0,0.0,1.0,0.0,0.0,0.0,0.0,0.0,0.0,1.0,0.0,1.0,0.0,0.0,0.0,1.0,0.0,1.0,1.0,1.0,1.0,1.0,0.0,0.0,1
174455823,2021-04-28,Kathmandu,Trekking,3 to 5 years,1,0,0,0,0,0,0,0,0,0,0.0,1.0,0.0,0.0,1.0,0.0,0.0,0.0,0.0,0.0,0.0,0.0,0.0,1.0,0.0,1.0,0.0,0.0,0.0,1.0,0.0,0.0,0.0,0.0,0.0,0.0,0.0,0.0,0
175301982,2021-05-02,Kathmandu,Trekking,3 to 5 years,0,0,0,0,0,0,1,0,0,0,1.0,0.0,0.0,0.0,0.0,0.0,0.0,0.0,0.0,0.0,0.0,0.0,0.0,0.0,0.0,0.0,0.0,0.0,1.0,0.0,0.0,0.0,0.0,0.0,0.0,0.0,0.0,1.0,0
174746242,2021-04-29,Kathmandu,Hotel,11 years or above,1,1,0,1,1,0,0,0,0,0,1.0,1.0,1.0,1.0,0.0,1.0,1.0,1.0,0.0,0.0,0.0,0.0,0.0,0.0,0.0,1.0,0.0,0.0,0.0,0.0,0.0,0.0,1.0,0.0,0.0,0.0,0.0,0.0,0
174455774,2021-04-28,Kathmandu,Handicraft,3 to 5 years,1,1,0,1,1,0,1,0,0,0,1.0,1.0,1.0,1.0,0.0,1.0,0.0,0.0,0.0,0.0,0.0,1.0,0.0,0.0,0.0,0.0,0.0,0.0,0.0,1.0,0.0,1.0,1.0,0.0,0.0,0.0,0.0,0.0,0
175231678,2021-05-01,Kathmandu,Shop/Merchandise,3 to 5 years,0,1,0,0,0,0,0,0,0,0,0.0,1.0,0.0,0.0,0.0,0.0,0.0,0.0,0.0,0.0,0.0,1.0,0.0,0.0,0.0,0.0,0.0,0.0,0.0,0.0,0.0,0.0,0.0,0.0,0.0,0.0,0.0,1.0,1
174650662,2021-04-29,Kathmandu,Other,11 years or above,1,0,0,0,1,0,1,0,0,0,1.0,1.0,1.0,0.0,0.0,1.0,1.0,0.0,0.0,0.0,0.0,1.0,0.0,0.0,0.0,0.0,0.0,0.0,0.0,1.0,0.0,0.0,1.0,0.0,1.0,1.0,0.0,0.0,0
175195620,2021-05-01,Kathmandu,Restaurant and Bar,1 to 2 years,0,1,0,0,0,0,0,0,0,0,1.0,0.0,0.0,0.0,0.0,0.0,0.0,0.0,0.0,0.0,0.0,0.0,1.0,0.0,0.0,0.0,0.0,0.0,0.0,1.0,0.0,0.0,0.0,0.0,0.0,0.0,0.0,0.0,1
174471637,2021-04-28,Kathmandu,Hotel,1 to 2 years,1,1,0,1,1,1,1,0,0,0,1.0,1.0,0.0,1.0,0.0,1.0,1.0,1.0,0.0,0.0,0.0,0.0,0.0,0.0,0.0,0.0,1.0,0.0,0.0,1.0,0.0,1.0,1.0,0.0,0.0,0.0,0.0,0.0,0
174393340,2021-04-28,Kathmandu,Trekking,3 to 5 years,1,1,1,1,1,0,1,1,0,0,1.0,1.0,1.0,1.0,1.0,1.0,1.0,0.0,1.0,0.0,0.0,1.0,0.0,0.0,0.0,1.0,0.0,0.0,0.0,0.0,0.0,0.0,0.0,0.0,0.0,0.0,0.0,1.0,1
174936059,2021-04-30,Kathmandu,Other,1 to 2 years,1,1,1,1,1,0,0,0,0,0,1.0,1.0,1.0,1.0,0.0,1.0,1.0,0.0,0.0,0.0,0.0,0.0,0.0,0.0,0.0,0.0,0.0,1.0,0.0,0.0,0.0,0.0,1.0,0.0,0.0,0.0,0.0,0.0,1
174936102,2021-04-30,Kathmandu,Other,1 to 2 years,1,1,1,1,1,0,0,0,0,0,1.0,1.0,1.0,1.0,0.0,1.0,1.0,0.0,0.0,0.0,0.0,0.0,0.0,0.0,0.0,0.0,0.0,1.0,0.0,0.0,0.0,0.0,1.0,0.0,0.0,0.0,0.0,0.0,1
177451400,2021-05-12,Kathmandu,Shop/Merchandise,6 to 10 years,1,1,1,1,0,0,0,0,0,0,,,,,,,,,,,,,,,,,,,,,,,,,,,,,
174199800,2021-04-27,Kathmandu,Trekking,11 years or above,1,1,0,1,0,0,0,0,0,0,,,,,,,,,,,,,,,,,,,,,,,,,,,,,
175129532,2021-05-01,Kathmandu,Restaurant and Bar,3 to 5 years,1,1,1,1,1,0,0,0,0,0,1.0,1.0,0.0,0.0,0.0,0.0,1.0,0.0,1.0,0.0,0.0,0.0,0.0,0.0,0.0,0.0,1.0,0.0,0.0,1.0,0.0,0.0,1.0,0.0,0.0,0.0,0.0,0.0,0
174356829,2021-04-28,Kathmandu,Trekking,6 to 10 years,0,0,1,1,0,0,0,0,0,0,0.0,0.0,0.0,0.0,0.0,0.0,0.0,0.0,0.0,1.0,0.0,0.0,0.0,0.0,0.0,0.0,0.0,0.0,1.0,0.0,0.0,0.0,0.0,0.0,0.0,0.0,0.0,1.0,0
175023072,2021-04-30,Kathmandu,Travel and Tour Operator,3 to 5 years,1,0,0,1,0,0,0,0,0,0,0.0,0.0,0.0,0.0,0.0,0.0,0.0,0.0,0.0,0.0,1.0,0.0,0.0,0.0,1.0,1.0,0.0,0.0,0.0,0.0,0.0,0.0,0.0,0.0,0.0,0.0,0.0,1.0,0
175209466,2021-05-01,Kathmandu,Travel and Tour Operator,11 years or above,1,0,0,0,0,0,1,0,0,0,0.0,1.0,1.0,1.0,1.0,0.0,0.0,0.0,0.0,0.0,0.0,0.0,1.0,0.0,0.0,0.0,0.0,0.0,0.0,0.0,0.0,0.0,0.0,0.0,0.0,0.0,0.0,1.0,0
175189240,2021-05-01,Kathmandu,Travel and Tour Operator,3 to 5 years,1,0,0,0,0,0,1,0,0,0,0.0,0.0,0.0,0.0,0.0,0.0,0.0,1.0,1.0,0.0,0.0,1.0,0.0,0.0,1.0,0.0,0.0,0.0,0.0,0.0,0.0,0.0,0.0,1.0,0.0,0.0,0.0,0.0,0
174932457,2021-04-30,Kathmandu,Other,6 to 10 years,0,1,1,1,1,0,0,0,0,0,1.0,1.0,1.0,1.0,0.0,1.0,1.0,1.0,1.0,0.0,0.0,0.0,0.0,0.0,0.0,0.0,1.0,0.0,0.0,1.0,0.0,0.0,1.0,0.0,1.0,0.0,0.0,0.0,0
174208978,2021-04-27,Kaski,Travel and Tour Operator,3 to 5 years,1,1,0,1,1,0,0,0,0,0,1.0,1.0,1.0,0.0,0.0,0.0,1.0,1.0,1.0,0.0,0.0,1.0,0.0,0.0,1.0,0.0,0.0,0.0,0.0,1.0,0.0,0.0,0.0,0.0,0.0,0.0,0.0,0.0,1
174297863,2021-04-27,Kaski,Hotel,11 years or above,1,1,1,1,1,1,1,0,0,0,1.0,1.0,1.0,1.0,1.0,1.0,1.0,1.0,1.0,0.0,0.0,0.0,0.0,0.0,0.0,0.0,0.0,0.0,1.0,0.0,0.0,0.0,0.0,1.0,0.0,0.0,0.0,0.0,1
174166825,2021-04-27,Kaski,Hotel,11 years or above,1,0,0,0,0,0,0,0,0,0,1.0,0.0,0.0,0.0,0.0,0.0,0.0,0.0,0.0,0.0,0.0,1.0,0.0,0.0,0.0,0.0,0.0,0.0,0.0,1.0,0.0,0.0,0.0,0.0,0.0,0.0,0.0,0.0,0
174657820,2021-04-28,Kaski,Hotel,3 to 5 years,1,1,0,1,0,0,0,0,0,0,1.0,1.0,1.0,1.0,0.0,0.0,1.0,0.0,0.0,0.0,0.0,0.0,0.0,0.0,0.0,0.0,0.0,0.0,1.0,0.0,0.0,0.0,1.0,0.0,0.0,0.0,0.0,0.0,1
175764231,2021-05-04,Kaski,Restaurant and Bar,Less than a year,1,1,0,0,1,1,1,0,0,0,1.0,1.0,0.0,1.0,0.0,1.0,0.0,0.0,0.0,0.0,0.0,0.0,0.0,0.0,0.0,1.0,0.0,0.0,0.0,1.0,0.0,0.0,1.0,0.0,0.0,0.0,0.0,0.0,0
174650503,2021-04-29,Kailali,Travel and Tour Operator,3 to 5 years,1,1,1,1,1,0,1,1,0,0,,,,,,,,,,,,,,,,,,,,,,,,,,,,,
174150768,2021-04-27,Kaski,Hotel,1 to 2 years,0,0,1,0,0,0,0,0,0,0,1.0,0.0,0.0,0.0,0.0,0.0,1.0,0.0,1.0,0.0,0.0,0.0,0.0,1.0,0.0,1.0,0.0,0.0,0.0,0.0,0.0,0.0,0.0,0.0,0.0,0.0,0.0,1.0,1
176956231,2021-05-09,Kathmandu,Trekking,1 to 2 years,0,1,0,0,0,0,0,0,0,0,1.0,0.0,0.0,0.0,0.0,0.0,1.0,0.0,0.0,0.0,0.0,0.0,0.0,0.0,0.0,1.0,0.0,0.0,0.0,1.0,0.0,0.0,0.0,0.0,1.0,0.0,0.0,0.0,0
175184805,2021-05-01,Kathmandu,Mountaineering,11 years or above,1,0,0,0,0,0,0,0,0,0,,,,,,,,,,,,,,,,,,,,,,,,,,,,,
173657407,2021-04-25,Lalitpur,Hotel,11 years or above,1,1,1,1,1,0,0,0,0,0,1.0,1.0,1.0,1.0,0.0,1.0,1.0,0.0,0.0,0.0,0.0,1.0,0.0,0.0,0.0,0.0,0.0,0.0,0.0,1.0,1.0,1.0,0.0,0.0,0.0,0.0,0.0,0.0,0
173787254,2021-04-26,Kathmandu,Hotel,3 to 5 years,1,1,1,1,1,0,0,0,0,0,1.0,1.0,1.0,1.0,1.0,1.0,1.0,1.0,1.0,0.0,0.0,1.0,0.0,1.0,0.0,0.0,0.0,0.0,0.0,1.0,0.0,0.0,0.0,0.0,0.0,0.0,0.0,0.0,1
173858768,2021-04-26,Kathmandu,Hotel,11 years or above,1,0,1,1,0,1,0,0,0,0,1.0,1.0,1.0,1.0,0.0,1.0,1.0,0.0,1.0,0.0,0.0,0.0,0.0,0.0,0.0,0.0,0.0,0.0,1.0,0.0,0.0,0.0,0.0,0.0,0.0,0.0,0.0,1.0,0
173932651,2021-04-26,Kathmandu,Shop/Merchandise,1 to 2 years,0,1,0,0,0,0,0,0,0,0,0.0,0.0,0.0,0.0,0.0,0.0,0.0,0.0,1.0,0.0,0.0,0.0,1.0,0.0,0.0,0.0,0.0,0.0,0.0,0.0,0.0,0.0,0.0,0.0,0.0,0.0,0.0,1.0,1
174569629,2021-04-28,Kathmandu,Shop/Merchandise,6 to 10 years,0,0,0,1,0,0,0,0,0,0,0.0,0.0,1.0,0.0,0.0,0.0,0.0,0.0,0.0,0.0,0.0,1.0,0.0,0.0,0.0,0.0,0.0,0.0,0.0,1.0,0.0,0.0,1.0,0.0,0.0,0.0,0.0,0.0,1
174149406,2021-04-27,Kaski,Hotel,3 to 5 years,1,1,1,1,1,1,0,0,0,0,1.0,1.0,1.0,1.0,0.0,1.0,1.0,0.0,1.0,0.0,0.0,0.0,0.0,0.0,0.0,0.0,0.0,0.0,1.0,1.0,0.0,0.0,0.0,0.0,0.0,0.0,0.0,0.0,0
174162658,2021-04-27,Kathmandu,Travel and Tour Operator,11 years or above,1,1,1,1,0,0,0,0,0,0,1.0,0.0,1.0,0.0,1.0,0.0,1.0,1.0,1.0,0.0,0.0,0.0,0.0,0.0,0.0,0.0,1.0,0.0,0.0,0.0,0.0,0.0,1.0,0.0,0.0,0.0,0.0,0.0,0
174163826,2021-04-27,Chitawan,Hotel,11 years or above,1,1,1,1,0,1,1,0,0,0,1.0,1.0,1.0,0.0,0.0,0.0,1.0,0.0,0.0,0.0,0.0,0.0,0.0,0.0,0.0,0.0,0.0,1.0,0.0,1.0,0.0,0.0,0.0,0.0,0.0,0.0,0.0,0.0,0
174182637,2021-04-27,Kaski,Handicraft,6 to 10 years,0,1,0,1,0,0,0,0,0,0,0.0,0.0,0.0,0.0,0.0,0.0,0.0,0.0,0.0,1.0,0.0,0.0,0.0,0.0,0.0,0.0,0.0,0.0,1.0,0.0,0.0,0.0,1.0,0.0,0.0,0.0,0.0,0.0,0
174244750,2021-04-27,Kathmandu,Travel and Tour Operator,6 to 10 years,1,0,0,1,0,0,0,0,0,0,,,,,,,,,,,,,,,,,,,,,,,,,,,,,
174244863,2021-04-27,Kathmandu,Hotel,11 years or above,1,1,0,1,0,0,0,0,0,0,1.0,1.0,1.0,0.0,0.0,0.0,1.0,0.0,0.0,0.0,0.0,0.0,0.0,0.0,0.0,0.0,0.0,0.0,1.0,1.0,0.0,0.0,0.0,0.0,1.0,0.0,0.0,0.0,0
174245457,2021-04-27,Kaski,Hotel,3 to 5 years,1,0,1,0,0,0,0,0,0,0,0.0,0.0,0.0,0.0,0.0,1.0,0.0,0.0,0.0,0.0,0.0,0.0,0.0,0.0,0.0,0.0,0.0,0.0,1.0,0.0,0.0,0.0,0.0,0.0,0.0,0.0,0.0,1.0,0
174259596,2021-04-27,Kaski,Trekking,11 years or above,1,0,1,1,0,0,0,0,0,0,0.0,1.0,1.0,1.0,1.0,0.0,1.0,1.0,0.0,0.0,0.0,0.0,0.0,1.0,0.0,0.0,1.0,0.0,0.0,0.0,0.0,0.0,0.0,0.0,0.0,0.0,0.0,1.0,0
174269073,2021-04-27,Kathmandu,Travel and Tour Operator,3 to 5 years,1,1,0,1,1,0,1,0,0,0,1.0,1.0,1.0,0.0,0.0,0.0,1.0,1.0,1.0,0.0,0.0,0.0,0.0,0.0,0.0,0.0,0.0,0.0,1.0,0.0,0.0,0.0,0.0,0.0,0.0,0.0,0.0,1.0,0
174359019,2021-04-28,Kathmandu,Travel and Tour Operator,3 to 5 years,0,1,0,0,0,0,1,0,0,0,1.0,0.0,0.0,0.0,0.0,0.0,0.0,0.0,0.0,0.0,0.0,0.0,0.0,0.0,0.0,0.0,0.0,0.0,1.0,0.0,0.0,0.0,0.0,0.0,0.0,0.0,0.0,1.0,0
174369922,2021-04-28,Kaski,Hotel,11 years or above,1,1,1,1,1,0,1,0,0,0,1.0,1.0,1.0,1.0,0.0,1.0,1.0,0.0,0.0,0.0,0.0,1.0,0.0,0.0,0.0,1.0,1.0,0.0,0.0,0.0,0.0,0.0,0.0,0.0,0.0,0.0,0.0,1.0,0
174395412,2021-04-28,Sindhupalchok,Rafting,1 to 2 years,0,1,0,0,0,0,0,0,0,0,1.0,0.0,0.0,0.0,0.0,0.0,0.0,0.0,0.0,0.0,0.0,1.0,0.0,0.0,0.0,0.0,0.0,0.0,0.0,0.0,0.0,0.0,0.0,1.0,0.0,0.0,0.0,0.0,1
174443117,2021-04-28,Kathmandu,Other,11 years or above,1,0,0,0,0,0,0,0,0,0,,,,,,,,,,,,,,,,,,,,,,,,,,,,,
174448865,2021-04-28,Kathmandu,Restaurant and Bar,6 to 10 years,1,1,1,1,1,1,1,1,0,0,1.0,1.0,1.0,1.0,1.0,1.0,1.0,1.0,0.0,0.0,0.0,1.0,0.0,1.0,0.0,0.0,1.0,0.0,0.0,0.0,0.0,0.0,0.0,0.0,0.0,0.0,0.0,1.0,1
174450781,2021-04-28,Kathmandu,Shop/Merchandise,6 to 10 years,0,0,0,1,0,0,0,0,0,0,1.0,0.0,0.0,0.0,0.0,0.0,0.0,0.0,0.0,0.0,0.0,0.0,0.0,0.0,0.0,0.0,0.0,0.0,1.0,0.0,0.0,0.0,0.0,0.0,0.0,0.0,0.0,1.0,0
174450874,2021-04-28,Kathmandu,Handicraft,11 years or above,1,0,0,0,0,0,0,0,0,0,0.0,0.0,1.0,0.0,0.0,0.0,0.0,0.0,0.0,0.0,0.0,1.0,0.0,0.0,0.0,1.0,0.0,0.0,0.0,1.0,0.0,0.0,0.0,0.0,0.0,0.0,0.0,0.0,0
174452644,2021-04-28,Kathmandu,Trekking,3 to 5 years,1,1,1,1,0,0,0,0,0,0,1.0,1.0,1.0,1.0,1.0,1.0,1.0,1.0,1.0,0.0,0.0,0.0,0.0,0.0,0.0,0.0,0.0,0.0,1.0,1.0,0.0,0.0,0.0,0.0,0.0,0.0,0.0,0.0,0
174459267,2021-04-28,Kathmandu,Other,6 to 10 years,0,0,1,1,0,0,0,0,0,0,,,,,,,,,,,,,,,,,,,,,,,,,,,,,
174514983,2021-04-28,Kathmandu,Travel and Tour Operator,11 years or above,0,0,0,0,0,0,0,1,0,0,,,,,,,,,,,,,,,,,,,,,,,,,,,,,
174529476,2021-04-28,Kathmandu,Handicraft,11 years or above,1,0,0,0,0,0,0,0,0,0,1.0,0.0,0.0,0.0,0.0,0.0,0.0,0.0,0.0,0.0,0.0,1.0,0.0,0.0,0.0,0.0,0.0,0.0,0.0,1.0,0.0,0.0,0.0,0.0,0.0,0.0,0.0,0.0,0
174603059,2021-04-29,Kaski,Hotel,3 to 5 years,1,0,1,1,0,0,0,0,0,0,1.0,1.0,1.0,0.0,0.0,1.0,0.0,0.0,0.0,0.0,0.0,1.0,0.0,0.0,0.0,0.0,0.0,0.0,0.0,0.0,0.0,0.0,0.0,0.0,0.0,0.0,0.0,1.0,1
174665948,2021-04-29,Lalitpur,Restaurant and Bar,11 years or above,1,0,0,0,1,0,0,0,0,0,1.0,1.0,0.0,0.0,0.0,0.0,0.0,0.0,0.0,0.0,0.0,0.0,0.0,0.0,0.0,0.0,0.0,0.0,1.0,0.0,0.0,0.0,1.0,0.0,0.0,0.0,0.0,0.0,0
174736432,2021-04-29,Kathmandu,Handicraft,3 to 5 years,1,0,0,1,1,0,0,0,0,0,1.0,1.0,1.0,0.0,0.0,0.0,0.0,1.0,0.0,0.0,0.0,1.0,0.0,0.0,0.0,0.0,0.0,0.0,0.0,1.0,0.0,0.0,0.0,0.0,0.0,0.0,0.0,0.0,0
174764882,2021-04-29,Kathmandu,Trekking,6 to 10 years,0,1,0,0,0,0,0,0,0,0,0.0,0.0,0.0,0.0,0.0,0.0,1.0,0.0,1.0,0.0,0.0,0.0,0.0,0.0,1.0,0.0,0.0,0.0,0.0,0.0,0.0,0.0,0.0,0.0,0.0,0.0,0.0,1.0,0
174832497,2021-04-29,Kathmandu,Travel and Tour Operator,1 to 2 years,0,0,0,0,0,0,0,0,0,1,0.0,0.0,0.0,0.0,0.0,0.0,0.0,0.0,0.0,0.0,1.0,0.0,0.0,1.0,1.0,0.0,0.0,0.0,0.0,0.0,0.0,0.0,1.0,1.0,0.0,0.0,0.0,0.0,0
174934728,2021-04-30,Kathmandu,Hotel,11 years or above,1,1,1,1,1,1,0,0,0,0,1.0,1.0,1.0,1.0,0.0,1.0,1.0,1.0,1.0,0.0,0.0,1.0,0.0,0.0,0.0,1.0,0.0,0.0,0.0,1.0,0.0,0.0,0.0,0.0,0.0,0.0,0.0,0.0,1
174964928,2021-04-30,Kathmandu,Restaurant and Bar,1 to 2 years,1,0,0,0,0,0,0,0,0,0,0.0,0.0,0.0,1.0,0.0,0.0,0.0,0.0,0.0,0.0,0.0,1.0,0.0,0.0,0.0,0.0,0.0,0.0,0.0,1.0,0.0,0.0,0.0,0.0,0.0,0.0,0.0,0.0,0
174970386,2021-04-30,Kathmandu,Hotel,1 to 2 years,0,0,0,0,0,0,0,0,0,1,0.0,0.0,0.0,0.0,1.0,0.0,0.0,0.0,0.0,0.0,0.0,0.0,0.0,0.0,0.0,0.0,0.0,0.0,1.0,1.0,0.0,0.0,0.0,0.0,0.0,0.0,0.0,0.0,0
175158745,2021-05-01,Kathmandu,Handicraft,1 to 2 years,0,0,0,1,0,0,0,0,0,0,0.0,0.0,0.0,0.0,0.0,0.0,0.0,0.0,0.0,0.0,1.0,0.0,0.0,0.0,1.0,0.0,0.0,0.0,0.0,1.0,0.0,0.0,0.0,0.0,0.0,0.0,0.0,0.0,0
175168682,2021-05-01,Kathmandu,Trekking,6 to 10 years,0,0,0,0,0,0,0,0,0,1,0.0,1.0,0.0,0.0,0.0,0.0,0.0,0.0,1.0,0.0,0.0,0.0,0.0,0.0,0.0,0.0,0.0,0.0,1.0,0.0,0.0,0.0,1.0,0.0,0.0,0.0,0.0,0.0,0
175182678,2021-05-01,Kathmandu,Hotel,6 to 10 years,1,1,1,1,1,1,1,1,0,0,1.0,1.0,1.0,1.0,1.0,1.0,1.0,1.0,1.0,0.0,0.0,0.0,0.0,1.0,0.0,0.0,0.0,0.0,0.0,0.0,0.0,0.0,0.0,0.0,0.0,0.0,0.0,1.0,1
175182900,2021-05-01,Kathmandu,Shop/Merchandise,6 to 10 years,1,0,0,0,0,0,0,0,0,0,0.0,0.0,0.0,0.0,0.0,0.0,1.0,0.0,0.0,0.0,0.0,0.0,0.0,0.0,0.0,0.0,0.0,0.0,1.0,0.0,0.0,0.0,1.0,0.0,0.0,0.0,0.0,0.0,1
175183217,2021-05-01,Kathmandu,Shop/Merchandise,11 years or above,1,0,0,0,0,0,0,0,0,0,0.0,0.0,0.0,0.0,1.0,0.0,0.0,0.0,0.0,0.0,0.0,0.0,0.0,0.0,0.0,0.0,0.0,0.0,1.0,0.0,0.0,0.0,0.0,0.0,0.0,0.0,0.0,1.0,0
175184361,2021-05-01,Kathmandu,Handicraft,6 to 10 years,1,0,0,0,0,0,0,0,0,0,0.0,1.0,0.0,0.0,0.0,0.0,0.0,0.0,0.0,0.0,0.0,1.0,0.0,0.0,0.0,0.0,0.0,0.0,0.0,1.0,0.0,0.0,0.0,0.0,0.0,0.0,0.0,0.0,0
175184495,2021-05-01,Kathmandu,Trekking,3 to 5 years,1,0,1,1,0,0,0,1,0,0,1.0,1.0,1.0,0.0,0.0,1.0,0.0,0.0,0.0,0.0,0.0,0.0,0.0,0.0,0.0,1.0,0.0,0.0,0.0,0.0,0.0,0.0,0.0,0.0,0.0,0.0,0.0,1.0,1
175185521,2021-05-01,Kathmandu,Travel and Tour Operator,3 to 5 years,1,0,0,0,0,0,0,0,0,0,,,,,,,,,,,,,,,,,,,,,,,,,,,,,
175187120,2021-05-01,Kathmandu,Travel and Tour Operator,6 to 10 years,0,1,0,0,0,0,0,0,0,0,0.0,1.0,0.0,0.0,0.0,0.0,0.0,0.0,1.0,0.0,0.0,0.0,0.0,0.0,0.0,0.0,0.0,0.0,1.0,1.0,0.0,0.0,0.0,0.0,0.0,0.0,0.0,0.0,0
175187448,2021-05-01,Kathmandu,Trekking,6 to 10 years,0,0,0,0,0,0,1,0,0,0,,,,,,,,,,,,,,,,,,,,,,,,,,,,,
175187600,2021-05-01,Kathmandu,Trekking,11 years or above,1,0,0,0,0,0,0,0,0,0,,,,,,,,,,,,,,,,,,,,,,,,,,,,,
175190972,2021-05-01,Kathmandu,Travel and Tour Operator,3 to 5 years,0,1,0,0,0,0,0,0,0,0,0.0,1.0,1.0,0.0,0.0,0.0,0.0,0.0,0.0,0.0,0.0,0.0,0.0,0.0,0.0,0.0,0.0,1.0,0.0,0.0,0.0,0.0,0.0,0.0,0.0,0.0,0.0,1.0,0
175191527,2021-05-01,Kathmandu,Other,6 to 10 years,0,1,1,1,0,0,0,0,0,0,0.0,1.0,1.0,0.0,0.0,1.0,0.0,0.0,1.0,0.0,0.0,0.0,0.0,0.0,1.0,0.0,0.0,0.0,0.0,1.0,0.0,0.0,0.0,0.0,0.0,0.0,0.0,0.0,1
175193180,2021-05-01,Kathmandu,Other,6 to 10 years,0,0,0,0,1,0,0,0,0,0,,,,,,,,,,,,,,,,,,,,,,,,,,,,,
175200146,2021-05-01,Kathmandu,Handicraft,11 years or above,1,0,0,1,0,0,0,0,0,0,1.0,0.0,1.0,0.0,0.0,0.0,0.0,0.0,0.0,0.0,0.0,0.0,0.0,0.0,0.0,0.0,0.0,0.0,1.0,0.0,0.0,0.0,1.0,0.0,0.0,0.0,0.0,0.0,0
175226456,2021-05-01,Chitawan,Hotel,1 to 2 years,1,1,1,1,0,0,1,0,0,0,1.0,1.0,1.0,0.0,0.0,1.0,1.0,0.0,0.0,0.0,0.0,0.0,0.0,0.0,0.0,0.0,0.0,0.0,1.0,0.0,0.0,0.0,0.0,0.0,0.0,0.0,0.0,1.0,0
175238240,2021-05-01,Kathmandu,Trekking,6 to 10 years,1,1,1,1,1,1,1,1,0,0,1.0,1.0,1.0,1.0,1.0,1.0,1.0,1.0,1.0,0.0,0.0,0.0,0.0,0.0,0.0,0.0,0.0,0.0,1.0,0.0,0.0,0.0,0.0,0.0,0.0,0.0,0.0,1.0,1
175239040,2021-05-01,Kathmandu,Other,1 to 2 years,0,0,0,1,1,0,1,0,0,0,0.0,0.0,0.0,0.0,1.0,0.0,0.0,0.0,0.0,0.0,0.0,0.0,1.0,0.0,0.0,1.0,1.0,0.0,0.0,0.0,0.0,0.0,0.0,0.0,0.0,0.0,0.0,1.0,0
175250793,2021-05-01,Kathmandu,Hotel,6 to 10 years,1,0,0,0,0,0,0,0,0,0,1.0,0.0,0.0,0.0,0.0,0.0,0.0,0.0,0.0,0.0,0.0,0.0,0.0,0.0,0.0,0.0,0.0,0.0,1.0,0.0,0.0,0.0,0.0,0.0,0.0,0.0,0.0,1.0,0
175263617,2021-05-01,Kaski,Restaurant and Bar,1 to 2 years,1,1,0,0,0,0,0,0,0,0,0.0,0.0,0.0,0.0,0.0,0.0,0.0,0.0,0.0,1.0,0.0,0.0,0.0,0.0,0.0,0.0,0.0,1.0,0.0,0.0,0.0,0.0,1.0,0.0,1.0,1.0,1.0,0.0,0
175296075,2021-05-02,Kathmandu,Restaurant and Bar,11 years or above,1,0,0,0,0,0,0,0,0,0,1.0,0.0,0.0,0.0,0.0,0.0,0.0,0.0,0.0,0.0,0.0,1.0,0.0,0.0,0.0,0.0,0.0,0.0,0.0,1.0,0.0,1.0,0.0,0.0,0.0,0.0,0.0,0.0,0
175313907,2021-05-02,Kathmandu,Hotel,1 to 2 years,0,1,0,0,0,0,0,0,0,0,,,,,,,,,,,,,,,,,,,,,,,,,,,,,
175521999,2021-05-03,Bhaktapur,Hotel,3 to 5 years,0,0,0,0,0,0,0,0,1,0,0.0,0.0,0.0,0.0,0.0,0.0,0.0,0.0,0.0,0.0,1.0,0.0,0.0,0.0,0.0,0.0,0.0,0.0,1.0,0.0,0.0,0.0,0.0,0.0,0.0,0.0,0.0,1.0,0
175948361,2021-05-05,Kaski,Restaurant and Bar,3 to 5 years,1,0,0,0,0,0,0,0,0,0,,,,,,,,,,,,,,,,,,,,,,,,,,,,,
176228435,2021-05-06,Kathmandu,Trekking,3 to 5 years,0,0,0,0,0,0,0,0,0,1,1.0,0.0,1.0,0.0,0.0,0.0,0.0,0.0,1.0,0.0,0.0,0.0,0.0,0.0,0.0,0.0,0.0,0.0,1.0,0.0,0.0,0.0,0.0,0.0,0.0,0.0,0.0,1.0,1
180321416,2021-05-26,Bhaktapur,Travel and Tour Operator,6 to 10 years,0,0,0,0,0,0,0,0,0,1,0.0,0.0,0.0,0.0,0.0,0.0,0.0,0.0,0.0,0.0,1.0,0.0,0.0,0.0,1.0,0.0,0.0,0.0,0.0,0.0,0.0,0.0,0.0,1.0,0.0,0.0,0.0,0.0,0
