id,submission_date,occpatn_shopkeeper_pre_covid,occpatn_tour_guide_pre_covid,occpatn_trekking_guide_pre_covid,occpatn_rafting_guide_pre_covid,occpatn_mountain_guide_pre_covid,occpatn_driver_pre_covid,occpatn_travel_agent_pre_covid,occpatn_flight_attendent_pre_covid,occpatn_pilot_pre_covid,occpatn_cook_pre_covid,occpatn_hotel_manager_pre_covid,occpatn_hotel_staff_pre_covid,occpatn_waiter_pre_covid,occpatn_bartender_pre_covid,occpatn_porter_pre_covid,other_occpatn_pre_covid,had_frml_employment_contract_pre_covid,had_pan_pre_covid,wrk_type_seasonal_pre_covid,wrk_type_daily_wages_pre_covid,wrk_type_monthly_salary_pre_covid,other_wrk_type_pre_covid,sesonal_work_period,gender_individual,age_individual,education_level_individual,years_of_experience_individual,permanent_district_individual,temporary_district_individual,trsm_major_work_district
181454796,2021-05-31,0,1,1,0,0,0,0,0,0,0,0,0,0,0,0,0,0,1,1,1,0,0,4 to 6 months,Male,21 - 40 years,10+2 or equivalent,6 to 10 years,Gorkha,Kathmandu,"Baglung, Bhaktapur, Chitawan, Dailekh, Dhading, Dolakha, Dolpa, Gorkha, Gulmi, Humla, Ilam, Jajarkot, Jhapa, Jumla, Kailali, Kalikot, Kanchanpur, Kapilbastu, Kaski, Kathmandu, Kavrepalanchok, Khotang, Lalitpur, Lamjung, Makwanpur, Manang, Mugu, Mustang, Myagdi, Nawalpur, Nuwakot, Okhaldhunga, Palpa, Panchthar, Parbat, Pyuthan, Ramechhap, Rasuwa, Rolpa, Rukum East, Rupandehi, Sankhuwasabha, Sindhuli, Sindhupalchok, Solukhumbu, Surkhet, Tanahu, Taplejung, Terhathum"
180535647,2021-05-27,0,0,1,0,0,0,0,0,0,0,0,0,0,0,0,0,0,1,1,0,1,0,4 to 6 months,Male,41 - 60 years,SLC or equivalent,6 to 10 years,Kathmandu,Kathmandu,"Chitawan, Kaski, Manang, Mustang, Rasuwa, Solukhumbu, Taplejung"
172149666,2021-04-17,0,0,0,0,1,0,0,0,0,0,0,0,0,0,0,0,0,0,1,0,0,0,4 to 6 months,Male,21 - 40 years,10+2 or equivalent,6 to 10 years,Sindhuli,Kathmandu,"Gorkha, Kaski, Manang, Rasuwa, Solukhumbu"
172148949,2021-04-17,0,0,1,0,0,0,0,0,0,0,0,0,0,0,0,0,0,1,1,0,0,0,7 to 9 months,Male,21 - 40 years,10+2 or equivalent,6 to 10 years,Rasuwa,Chitawan,"Gorkha, Kaski, Manang, Mustang, Rasuwa, Solukhumbu"
172148572,2021-04-17,0,0,0,1,0,0,0,0,0,0,0,0,0,0,0,0,0,1,1,0,0,0,7 to 9 months,Female,21 - 40 years,SLC or equivalent,6 to 10 years,Kathmandu,Kathmandu,"Chitawan, Dhading, Kaski, Manang, Mustang, Sindhupalchok"
172148135,2021-04-17,0,0,0,0,1,0,0,0,0,0,0,0,0,0,0,0,0,1,1,0,0,0,4 to 6 months,Male,21 - 40 years,10+2 or equivalent,6 to 10 years,Dolakha,Kathmandu,"Dolakha, Gorkha, Morang, Solukhumbu, Taplejung"
172147628,2021-04-17,0,0,1,0,0,0,0,0,0,0,0,0,0,0,0,0,0,1,1,0,0,0,4 to 6 months,Male,21 - 40 years,SLC or equivalent,6 to 10 years,Ramechhap,Kathmandu,"Gorkha, Kaski, Manang, Mustang, Rasuwa, Solukhumbu"
172147212,2021-04-17,0,0,1,0,0,0,0,0,0,0,0,0,0,0,0,0,0,1,1,0,0,0,4 to 6 months,Male,21 - 40 years,SLC or equivalent,6 to 10 years,Solukhumbu,Kathmandu,"Kaski, Manang, Rasuwa, Sankhuwasabha, Solukhumbu"
172146388,2021-04-17,0,0,1,0,0,0,0,0,0,0,0,0,0,0,0,0,0,1,1,0,0,0,4 to 6 months,Male,21 - 40 years,SLC or equivalent,6 to 10 years,Solukhumbu,Kathmandu,"Kaski, Manang, Mustang, Rasuwa, Solukhumbu"
172145729,2021-04-17,0,0,1,0,1,0,0,0,0,0,0,0,0,0,0,0,0,1,1,0,0,0,4 to 6 months,Male,21 - 40 years,SLC or equivalent,6 to 10 years,Solukhumbu,Kathmandu,"Kaski, Manang, Mustang, Rasuwa, Sankhuwasabha, Sindhupalchok, Solukhumbu, Taplejung"
172145130,2021-04-17,0,0,1,0,0,0,0,0,0,0,0,0,0,0,0,0,0,1,1,0,0,0,4 to 6 months,Male,21 - 40 years,Can read and/or write,11 to 15 years,Okhaldhunga,Kathmandu,"Gorkha, Kaski, Manang, Mustang, Rasuwa, Solukhumbu"
180979315,2021-05-29,0,1,1,1,0,0,0,0,0,0,1,0,0,0,0,0,0,1,0,1,0,0,,Male,21 - 40 years,10+2 or equivalent,6 to 10 years,Gorkha,Kathmandu,"Dhading, Gorkha, Kaski, Kathmandu, Manang, Mustang, Myagdi"
172200473,2021-04-18,0,1,1,1,0,0,0,0,0,0,0,0,0,0,0,0,1,1,1,0,0,0,4 to 6 months,Female,21 - 40 years,Bachelor's degree or equivalent,6 to 10 years,Chitawan,Kathmandu,"Bhaktapur, Chitawan, Kaski, Kathmandu, Lalitpur, Manang, Solukhumbu"
171799898,2021-04-15,0,0,1,0,1,0,0,0,0,0,0,0,0,0,0,0,0,1,1,0,0,0,4 to 6 months,Male,21 - 40 years,10+2 or equivalent,6 to 10 years,Solukhumbu,Kathmandu,"Bajhang, Bardiya, Bhojpur, Chitawan, Darchula, Dhading, Dolakha, Dolpa, Gorkha, Humla, Jajarkot, Kalikot, Kapilbastu, Kaski, Kavrepalanchok, Lamjung, Manang, Mugu, Mustang, Myagdi, Ramechhap, Rasuwa, Sankhuwasabha, Sindhupalchok, Solukhumbu, Taplejung"
171804013,2021-04-15,0,0,1,0,0,0,0,0,0,0,0,0,0,0,0,0,0,1,1,0,0,0,4 to 6 months,Male,21 - 40 years,SLC or equivalent,6 to 10 years,Sankhuwasabha,Kathmandu,"Baglung, Bhaktapur, Chitawan, Darchula, Gorkha, Ilam, Jumla, Kaski, Kathmandu, Lalitpur, Manang, Mugu, Mustang, Myagdi, Rasuwa, Sankhuwasabha, Sindhupalchok, Solukhumbu, Sunsari, Taplejung"
171806393,2021-04-15,0,0,1,0,0,0,0,0,0,0,0,0,0,0,0,0,1,1,1,0,0,0,4 to 6 months,Male,21 - 40 years,SLC or equivalent,11 to 15 years,Solukhumbu,Solukhumbu,Gorkha
171807687,2021-04-15,0,0,1,0,0,0,0,0,0,0,0,0,0,0,0,0,0,1,1,0,0,0,4 to 6 months,Male,21 - 40 years,SLC or equivalent,6 to 10 years,Solukhumbu,Kathmandu,"Chitawan, Dolpa, Gorkha, Ilam, Kailali, Manang, Mustang, Solukhumbu"
171807814,2021-04-15,0,1,1,0,0,0,0,0,0,0,0,0,0,0,0,0,0,1,1,0,0,0,4 to 6 months,Male,41 - 60 years,Bachelor's degree or equivalent,11 to 15 years,Kaski,Kaski,"Gorkha, Kapilbastu, Kaski, Kathmandu, Manang, Mustang, Myagdi, Tanahu"
171809814,2021-04-15,0,0,1,0,0,0,0,0,0,0,0,0,0,0,0,0,0,1,1,0,0,0,7 to 9 months,Male,21 - 40 years,10+2 or equivalent,11 to 15 years,Solukhumbu,Solukhumbu,"Dolakha, Dolpa, Gorkha, Humla, Kathmandu, Lamjung, Mugu, Mustang, Myagdi, Rasuwa, Sankhuwasabha, Sindhupalchok, Solukhumbu, Taplejung"
171810233,2021-04-15,0,0,1,0,0,0,0,0,0,0,0,0,0,0,0,0,0,1,0,1,0,0,,Male,41 - 60 years,Can read and/or write,15 years or more,Solukhumbu,Kathmandu,"Dolakha, Dolpa, Gorkha, Humla, Jumla, Kaski, Kathmandu, Manang, Mustang, Rasuwa, Solukhumbu"
171813869,2021-04-15,0,0,1,0,0,0,0,0,0,0,0,0,0,0,0,0,0,0,1,0,0,0,4 to 6 months,Female,21 - 40 years,10+2 or equivalent,6 to 10 years,Gorkha,Gorkha,Solukhumbu
171815799,2021-04-15,0,0,1,0,0,0,0,0,0,0,0,0,0,0,0,0,0,1,1,0,0,0,4 to 6 months,Male,21 - 40 years,10+2 or equivalent,15 years or more,Solukhumbu,Kathmandu,"Bardiya, Bhaktapur, Chitawan, Dailekh, Dhankuta, Dolpa, Kaski, Kathmandu, Khotang, Manang, Mustang, Myagdi, Okhaldhunga, Palpa, Ramechhap, Rasuwa, Rukum East, Solukhumbu"
171815807,2021-04-15,0,0,1,0,0,0,0,0,0,0,0,0,0,0,0,0,1,1,1,0,0,0,1 to 3 months,Male,21 - 40 years,10+2 or equivalent,3 to 5 years,Solukhumbu,Kathmandu,Solukhumbu
171817761,2021-04-15,0,0,1,0,0,0,0,0,0,0,0,0,0,0,0,0,0,1,1,0,0,0,1 to 3 months,Male,41 - 60 years,10+2 or equivalent,15 years or more,Solukhumbu,Kathmandu,"Chitawan, Dolpa, Gorkha, Humla, Kaski, Kathmandu, Lamjung, Manang, Mustang, Myagdi, Rasuwa, Solukhumbu, Taplejung, Terhathum"
171818129,2021-04-15,0,0,0,0,0,0,0,0,0,0,0,0,0,0,1,0,0,0,0,1,0,0,,Male,Less than 20 years,SLC or equivalent,0 to 2 years,Kathmandu,Sankhuwasabha,"Gorkha, Kaski, Kathmandu, Lamjung, Manang, Myagdi"
171818416,2021-04-15,0,0,1,0,0,0,0,0,0,0,0,0,0,0,0,0,0,1,1,0,0,0,4 to 6 months,Female,21 - 40 years,Bachelor's degree or equivalent,11 to 15 years,Kathmandu,Kathmandu,"Dolakha, Dolpa, Gorkha, Kathmandu, Mustang, Solukhumbu, Taplejung"
171818717,2021-04-15,0,0,0,0,1,0,0,0,0,0,0,0,0,0,0,0,0,1,1,0,0,0,4 to 6 months,Male,21 - 40 years,SLC or equivalent,6 to 10 years,Khotang,Kathmandu,Solukhumbu
171819765,2021-04-15,0,0,1,0,0,0,0,0,0,0,0,0,0,0,0,0,0,0,1,1,0,0,4 to 6 months,Male,21 - 40 years,Bachelor's degree or equivalent,6 to 10 years,Rasuwa,Rasuwa,"Baglung, Bhaktapur, Chitawan, Gorkha, Kaski, Kathmandu, Lamjung, Manang, Mustang, Myagdi, Nuwakot, Ramechhap, Rasuwa, Sindhupalchok, Solukhumbu"
171821245,2021-04-15,0,0,1,0,0,0,0,0,0,0,0,0,0,0,0,0,0,1,1,0,0,0,4 to 6 months,Male,21 - 40 years,10+2 or equivalent,15 years or more,Solukhumbu,Kathmandu,"Bhaktapur, Chitawan, Dhading, Gorkha, Humla, Ilam, Jhapa, Kaski, Kathmandu, Lalitpur, Lamjung, Manang, Mustang, Myagdi, Nuwakot, Okhaldhunga, Panchthar, Ramechhap, Rasuwa, Sindhupalchok, Solukhumbu, Tanahu, Taplejung"
171825684,2021-04-15,0,0,1,0,0,0,0,0,0,0,0,0,0,0,0,0,0,1,1,0,0,0,1 to 3 months,Male,21 - 40 years,10+2 or equivalent,3 to 5 years,Solukhumbu,Kathmandu,Solukhumbu
171826580,2021-04-15,0,0,1,0,0,0,0,0,0,0,0,0,0,0,0,0,1,1,1,0,0,0,4 to 6 months,Male,21 - 40 years,SLC or equivalent,6 to 10 years,Solukhumbu,Solukhumbu,"Bhaktapur, Chitawan, Dolpa, Ilam, Kathmandu, Mustang, Solukhumbu, Taplejung"
171835407,2021-04-15,0,0,1,0,0,0,0,0,0,0,0,0,0,0,0,0,0,0,1,0,0,0,1 to 3 months,Male,21 - 40 years,SLC or equivalent,6 to 10 years,Solukhumbu,Kathmandu,"Gorkha, Kaski, Kathmandu, Kavrepalanchok, Manang, Mustang, Myagdi, Rasuwa, Solukhumbu"
171883818,2021-04-16,0,1,1,0,0,0,0,0,0,0,0,0,0,0,0,0,0,0,0,0,1,0,,Male,41 - 60 years,Bachelor's degree or equivalent,15 years or more,Solukhumbu,Kathmandu,"Kathmandu, Solukhumbu"
171884920,2021-04-16,0,0,1,0,0,0,0,0,0,0,0,0,0,0,0,0,0,1,1,1,0,0,4 to 6 months,Male,21 - 40 years,SLC or equivalent,11 to 15 years,Khotang,Kathmandu,"Chitawan, Dolpa, Gorkha, Kaski, Lamjung, Manang, Mustang, Myagdi, Rasuwa, Sindhupalchok, Solukhumbu"
171884981,2021-04-16,0,0,1,0,0,0,0,0,0,0,0,0,0,0,0,0,0,1,1,0,0,0,4 to 6 months,Male,21 - 40 years,SLC or equivalent,11 to 15 years,Gorkha,Kathmandu,"Baglung, Darchula, Dhading, Dolpa, Gorkha, Gulmi, Humla, Jumla, Kaski, Kathmandu, Kavrepalanchok, Lamjung, Manang, Mugu, Mustang, Myagdi, Nuwakot, Ramechhap, Rasuwa, Sindhuli, Tanahu"
171886164,2021-04-16,0,0,1,0,0,0,0,0,0,0,0,0,0,0,0,0,0,1,1,0,0,0,4 to 6 months,Male,21 - 40 years,10+2 or equivalent,6 to 10 years,Khotang,Kathmandu,"Kaski, Mustang, Sankhuwasabha, Sindhupalchok, Solukhumbu"
171886676,2021-04-16,0,1,0,0,0,0,0,0,0,0,0,0,0,0,0,0,0,1,1,1,0,0,4 to 6 months,Male,21 - 40 years,Master's degree or higher,6 to 10 years,Gorkha,Kathmandu,"Chitawan, Kapilbastu, Kaski, Kathmandu, Kavrepalanchok, Lalitpur, Solukhumbu, Tanahu"
171891078,2021-04-16,0,0,1,0,0,0,0,0,0,0,0,0,0,0,0,0,0,0,1,1,0,0,4 to 6 months,Male,21 - 40 years,Bachelor's degree or equivalent,15 years or more,Rasuwa,Chitawan,"Dhading, Gorkha, Kaski, Kathmandu, Lamjung, Manang, Mustang, Rasuwa, Solukhumbu"
171891835,2021-04-16,0,0,1,0,0,0,0,0,0,0,0,0,0,0,0,0,0,1,1,0,0,0,1 to 3 months,Male,21 - 40 years,10+2 or equivalent,6 to 10 years,Dolakha,Kathmandu,"Dolakha, Dolpa, Gorkha, Ilam, Kaski, Lamjung, Manang, Mustang, Sindhupalchok, Solukhumbu, Taplejung"
171892100,2021-04-16,0,0,1,0,0,0,0,0,0,0,0,0,0,0,0,0,0,1,1,0,0,0,4 to 6 months,Male,41 - 60 years,Bachelor's degree or equivalent,15 years or more,Syangja,Kaski,"Chitawan, Dhading, Dolpa, Gorkha, Humla, Jumla, Kalikot, Kaski, Manang, Mugu, Mustang, Myagdi, Parbat, Rasuwa, Rolpa, Rukum East, Rukum West, Solukhumbu, Syangja"
171892145,2021-04-16,0,0,1,0,0,0,0,0,0,0,0,0,0,0,0,0,0,1,1,0,0,0,4 to 6 months,Male,21 - 40 years,SLC or equivalent,11 to 15 years,Solukhumbu,Kathmandu,"Banke, Bardiya, Chitawan, Dadeldhura, Darchula, Dolakha, Dolpa, Gorkha, Humla, Jajarkot, Jumla, Kapilbastu, Kaski, Kavrepalanchok, Lamjung, Mugu, Mustang, Rasuwa, Sankhuwasabha, Sindhupalchok, Solukhumbu, Taplejung"
171892536,2021-04-16,0,0,1,0,0,0,0,0,0,0,0,0,0,0,0,0,1,1,1,0,0,0,4 to 6 months,Male,41 - 60 years,10+2 or equivalent,15 years or more,Solukhumbu,Kathmandu,"Dolakha, Dolpa, Gorkha, Kaski, Kathmandu, Manang, Mustang, Rasuwa, Sankhuwasabha, Solukhumbu, Taplejung"
171892707,2021-04-16,0,0,1,0,0,0,0,0,0,0,0,0,0,0,0,0,0,1,1,1,0,0,4 to 6 months,Male,21 - 40 years,Can read and/or write,15 years or more,Sindhuli,Kathmandu,"Bajhang, Chitawan, Kaski, Manang, Mustang, Myagdi, Rasuwa, Solukhumbu"
171892784,2021-04-16,0,0,1,0,0,0,0,0,0,0,0,0,0,0,0,0,0,1,1,0,0,0,4 to 6 months,Male,21 - 40 years,SLC or equivalent,6 to 10 years,Solukhumbu,Kathmandu,"Dolakha, Dolpa, Gorkha, Humla, Manang, Rasuwa, Solukhumbu"
171893120,2021-04-16,0,0,0,0,0,0,0,0,0,0,0,0,0,0,1,0,0,0,1,0,0,0,4 to 6 months,Male,Less than 20 years,Can read and/or write,3 to 5 years,Solukhumbu,Solukhumbu,Solukhumbu
171893423,2021-04-16,0,0,1,0,0,0,0,0,0,0,0,0,0,0,0,0,0,1,1,0,0,0,4 to 6 months,Male,21 - 40 years,10+2 or equivalent,6 to 10 years,Solukhumbu,Kathmandu,"Dolakha, Gorkha, Manang, Solukhumbu"
171893862,2021-04-16,0,0,1,0,1,0,0,0,0,0,0,0,0,0,0,0,0,1,1,0,0,0,4 to 6 months,Male,21 - 40 years,Can read and/or write,6 to 10 years,Solukhumbu,Kathmandu,"Dolakha, Dolpa, Gorkha, Manang, Mustang, Solukhumbu"
171894384,2021-04-16,0,0,1,0,1,0,0,0,0,0,0,0,0,0,0,0,1,0,1,0,0,0,4 to 6 months,Male,21 - 40 years,10+2 or equivalent,15 years or more,Sankhuwasabha,Kathmandu,"Manang, Sankhuwasabha"
171894512,2021-04-16,0,0,1,0,0,0,0,0,0,0,0,0,0,0,0,0,0,1,1,0,0,0,4 to 6 months,Male,21 - 40 years,SLC or equivalent,6 to 10 years,Bhojpur,Kathmandu,"Kaski, Kathmandu, Manang, Solukhumbu"
171900587,2021-04-16,0,0,1,0,0,0,0,0,0,0,0,0,0,0,0,0,0,1,1,0,0,0,1 to 3 months,Male,21 - 40 years,Can read and/or write,6 to 10 years,Solukhumbu,Kathmandu,Solukhumbu
171937664,2021-04-16,0,1,1,0,0,0,0,0,0,0,0,0,0,0,0,0,0,1,1,0,0,0,4 to 6 months,Male,21 - 40 years,Bachelor's degree or equivalent,11 to 15 years,Tanahu,Kathmandu,"Bhaktapur, Chitawan, Dolakha, Dolpa, Gorkha, Humla, Jajarkot, Kapilbastu, Kaski, Kathmandu, Kavrepalanchok, Lalitpur, Lamjung, Manang, Mugu, Mustang, Myagdi, Nuwakot, Okhaldhunga, Palpa, Rasuwa, Rolpa, Rukum East, Rukum West, Rupandehi, Sankhuwasabha, Sindhuli, Sindhupalchok, Solukhumbu, Surkhet, Syangja, Tanahu, Taplejung, Terhathum"
171947698,2021-04-16,0,1,1,0,0,0,0,0,0,0,0,0,0,0,0,0,0,1,1,0,0,0,4 to 6 months,Male,41 - 60 years,Bachelor's degree or equivalent,15 years or more,Makwanpur,Kathmandu,"Bhaktapur, Chitawan, Dhanusa, Gorkha, Kapilbastu, Kaski, Kathmandu, Kavrepalanchok, Lalitpur, Lamjung, Manang, Mustang, Myagdi, Nuwakot, Palpa, Rasuwa, Rupandehi, Solukhumbu"
171948287,2021-04-16,0,0,1,0,0,0,0,0,0,0,0,0,0,0,0,0,0,0,1,1,0,0,4 to 6 months,Male,21 - 40 years,10+2 or equivalent,3 to 5 years,Solukhumbu,Kathmandu,"Dolakha, Dolpa, Gorkha, Humla, Jumla, Kapilbastu, Kaski, Lamjung, Manang, Mustang, Myagdi, Nuwakot, Okhaldhunga, Ramechhap, Rasuwa, Sankhuwasabha, Sindhupalchok, Solukhumbu, Taplejung, Terhathum"
172061752,2021-04-17,0,0,1,0,1,0,0,0,0,0,0,0,0,0,0,0,0,1,1,1,0,0,4 to 6 months,Male,41 - 60 years,Can read and/or write,15 years or more,Solukhumbu,Kathmandu,"Dolakha, Dolpa, Gorkha, Humla, Ilam, Jajarkot, Jhapa, Jumla, Kalikot, Kaski, Lamjung, Manang, Mugu, Mustang, Myagdi, Nuwakot, Okhaldhunga, Ramechhap, Rasuwa, Rolpa, Rukum East, Rukum West, Sankhuwasabha, Solukhumbu, Taplejung"
172064738,2021-04-17,0,0,1,0,0,0,0,0,0,0,0,0,0,0,0,0,0,1,1,0,0,0,1 to 3 months,Male,21 - 40 years,Can read and/or write,15 years or more,Solukhumbu,Solukhumbu,Solukhumbu
172090178,2021-04-17,0,0,1,0,1,0,0,0,0,0,0,0,0,0,0,0,0,0,1,0,0,0,4 to 6 months,Male,21 - 40 years,SLC or equivalent,6 to 10 years,Solukhumbu,Kathmandu,"Dolakha, Dolpa, Kaski, Manang, Mugu, Mustang, Solukhumbu"
172091285,2021-04-17,0,0,0,0,0,0,0,0,0,0,0,0,0,0,1,0,0,0,1,0,0,0,4 to 6 months,Male,21 - 40 years,SLC or equivalent,6 to 10 years,Solukhumbu,Solukhumbu,Solukhumbu
172092465,2021-04-17,0,0,1,0,1,0,0,0,0,0,0,0,0,0,0,0,0,1,1,0,0,0,4 to 6 months,Male,21 - 40 years,SLC or equivalent,6 to 10 years,Gorkha,Kathmandu,Solukhumbu
172092859,2021-04-17,0,0,0,0,1,0,0,0,0,0,0,0,0,0,0,0,0,1,1,0,0,0,1 to 3 months,Male,21 - 40 years,SLC or equivalent,6 to 10 years,Solukhumbu,Kathmandu,"Dolakha, Dolpa, Jumla, Kaski, Manang, Mugu, Mustang, Myagdi, Sindhupalchok, Solukhumbu, Taplejung"
172094222,2021-04-17,0,0,1,0,1,0,0,0,0,0,0,0,0,0,0,0,0,0,1,0,0,0,4 to 6 months,Male,41 - 60 years,SLC or equivalent,11 to 15 years,Sunsari,Kathmandu,"Dolakha, Gorkha, Kaski, Morang, Rasuwa, Solukhumbu"
172095618,2021-04-17,0,0,1,0,1,0,0,0,0,0,0,0,0,0,0,0,0,1,1,0,0,0,4 to 6 months,Male,21 - 40 years,10+2 or equivalent,6 to 10 years,Solukhumbu,Kathmandu,"Gorkha, Manang, Rasuwa, Solukhumbu"
172096421,2021-04-17,0,0,0,0,1,0,0,0,0,0,0,0,0,0,0,0,0,1,1,0,0,0,4 to 6 months,Male,21 - 40 years,10+2 or equivalent,6 to 10 years,Sankhuwasabha,Kathmandu,"Dolakha, Kaski, Manang, Rasuwa, Solukhumbu"
172097412,2021-04-17,0,0,0,0,1,0,0,0,0,0,0,0,0,0,0,0,0,1,1,0,0,0,4 to 6 months,Male,21 - 40 years,SLC or equivalent,6 to 10 years,Rukum East,Kathmandu,"Dolpa, Rukum East, Rukum West"
172098160,2021-04-17,0,0,1,0,0,0,0,0,0,0,0,0,0,0,0,0,0,1,1,0,0,0,7 to 9 months,Male,21 - 40 years,Bachelor's degree or equivalent,6 to 10 years,Khotang,Kathmandu,"Kaski, Rasuwa, Solukhumbu"
172099858,2021-04-17,0,0,1,0,0,0,0,0,0,0,0,0,0,0,0,0,0,1,1,0,0,0,4 to 6 months,Male,21 - 40 years,Can read and/or write,11 to 15 years,Solukhumbu,Kathmandu,"Kaski, Manang, Rasuwa, Solukhumbu"
172100804,2021-04-17,0,0,0,0,1,0,0,0,0,0,0,0,0,0,0,0,0,1,1,0,0,0,4 to 6 months,Male,21 - 40 years,SLC or equivalent,6 to 10 years,Solukhumbu,Kathmandu,Solukhumbu
172138257,2021-04-17,0,0,1,0,0,0,0,0,0,0,0,0,0,0,0,0,0,1,1,0,0,0,4 to 6 months,Male,21 - 40 years,SLC or equivalent,6 to 10 years,Solukhumbu,Kathmandu,"Chitawan, Dolakha, Dolpa, Gorkha, Gulmi, Humla, Ilam, Jajarkot, Manang, Mustang, Okhaldhunga, Solukhumbu"
172150003,2021-04-17,0,0,1,0,0,0,0,0,0,0,0,0,0,0,0,0,0,1,1,0,0,0,4 to 6 months,Male,41 - 60 years,SLC or equivalent,15 years or more,Jhapa,Kathmandu,"Gorkha, Kaski, Manang, Mustang, Rasuwa, Solukhumbu"
172150527,2021-04-17,0,0,0,0,1,0,0,0,0,0,0,0,0,0,0,0,1,1,1,0,0,0,4 to 6 months,Male,21 - 40 years,10+2 or equivalent,6 to 10 years,Ramechhap,Kathmandu,"Dolakha, Gorkha, Kaski, Manang, Mustang, Rasuwa, Solukhumbu"
172151166,2021-04-17,0,0,1,0,0,0,0,0,0,0,0,0,0,0,0,0,0,1,1,0,0,0,4 to 6 months,Male,21 - 40 years,Bachelor's degree or equivalent,6 to 10 years,Ilam,Kathmandu,"Gorkha, Kaski, Rasuwa, Solukhumbu"
172152020,2021-04-17,0,0,0,1,0,0,0,0,0,0,0,0,0,0,0,0,0,1,1,0,0,0,4 to 6 months,Female,21 - 40 years,SLC or equivalent,6 to 10 years,Udayapur,Kathmandu,"Dhading, Kaski, Sindhupalchok"
172152624,2021-04-17,0,0,1,1,1,0,0,0,0,0,0,0,0,0,0,0,1,1,1,0,0,0,7 to 9 months,Female,21 - 40 years,10+2 or equivalent,6 to 10 years,Rasuwa,Lalitpur,"Dhading, Gorkha, Kaski, Manang, Mustang, Rasuwa, Sindhupalchok, Solukhumbu"
172170382,2021-04-17,0,0,1,0,1,0,0,0,0,0,0,0,0,0,0,0,0,1,0,0,0,1,,Male,41 - 60 years,Can read and/or write,15 years or more,Solukhumbu,Kathmandu,"Mustang, Solukhumbu"
172181094,2021-04-18,0,0,1,0,0,0,0,0,0,0,0,0,0,0,0,0,0,1,1,0,0,0,4 to 6 months,Male,41 - 60 years,Can read and/or write,15 years or more,Sankhuwasabha,Kathmandu,"Bhaktapur, Gorkha, Kaski, Kathmandu, Lalitpur, Lamjung, Manang, Mustang, Myagdi, Rasuwa, Sankhuwasabha, Sindhupalchok, Solukhumbu, Taplejung"
172197302,2021-04-18,0,0,1,0,1,0,0,0,0,0,0,0,0,0,0,0,0,1,1,0,0,0,4 to 6 months,Male,41 - 60 years,SLC or equivalent,11 to 15 years,Gorkha,Kathmandu,"Gorkha, Kaski, Manang, Mustang, Rasuwa, Solukhumbu"
172198695,2021-04-18,0,0,1,0,1,0,0,0,0,0,0,0,0,0,0,0,0,1,1,0,0,0,4 to 6 months,Male,21 - 40 years,SLC or equivalent,6 to 10 years,Gorkha,Kathmandu,"Gorkha, Kaski, Manang, Rasuwa, Solukhumbu"
172199626,2021-04-18,0,1,1,0,0,0,0,0,0,0,0,0,0,0,0,0,1,1,1,0,0,0,7 to 9 months,Female,21 - 40 years,Bachelor's degree or equivalent,6 to 10 years,Chitawan,Kathmandu,"Bhaktapur, Chitawan, Kaski, Kathmandu, Lalitpur, Rasuwa"
172202083,2021-04-18,0,0,1,0,1,0,0,0,0,0,0,0,0,0,0,0,1,1,1,0,0,0,4 to 6 months,Male,21 - 40 years,10+2 or equivalent,6 to 10 years,Sankhuwasabha,Kathmandu,"Dolakha, Dolpa, Gorkha, Kaski, Manang, Mugu, Mustang, Solukhumbu"
172203467,2021-04-18,0,0,1,0,0,0,0,0,0,0,0,0,0,0,0,0,1,1,1,0,0,0,7 to 9 months,Male,21 - 40 years,10+2 or equivalent,6 to 10 years,Rasuwa,Kathmandu,"Dhading, Gorkha, Kaski, Rasuwa, Solukhumbu"
172208352,2021-04-18,0,1,0,0,0,0,0,0,0,0,0,0,0,0,0,0,0,1,1,0,0,0,4 to 6 months,Male,21 - 40 years,Bachelor's degree or equivalent,11 to 15 years,Dhanusa,Chitawan,"Bhaktapur, Chitawan, Kathmandu, Lalitpur, Rasuwa, Rupandehi"
172221432,2021-04-18,0,1,1,0,0,0,0,0,0,0,0,0,0,0,0,0,1,1,1,1,0,0,4 to 6 months,Male,21 - 40 years,Master's degree or higher,3 to 5 years,Lamjung,Kathmandu,"Chitawan, Gorkha, Kaski, Lalitpur, Lamjung, Manang, Mustang, Myagdi, Rasuwa, Solukhumbu"
172223101,2021-04-18,0,0,1,0,0,0,0,0,0,0,0,0,0,0,0,0,0,0,1,1,0,0,4 to 6 months,Male,21 - 40 years,Bachelor's degree or equivalent,6 to 10 years,Rasuwa,Kathmandu,"Bhaktapur, Chitawan, Dhading, Gorkha, Kaski, Kathmandu, Kavrepalanchok, Lamjung, Manang, Mustang, Myagdi, Nuwakot, Rasuwa, Sindhupalchok, Solukhumbu, Taplejung"
172231306,2021-04-18,0,0,0,0,0,0,0,0,0,0,0,0,0,0,0,1,0,1,0,0,1,0,,Female,21 - 40 years,10+2 or equivalent,3 to 5 years,Ramechhap,Kathmandu,Ramechhap
172245618,2021-04-18,0,0,1,0,0,0,0,0,0,0,0,0,0,0,0,0,0,0,1,1,0,0,7 to 9 months,Male,21 - 40 years,10+2 or equivalent,6 to 10 years,Rasuwa,Kathmandu,"Gorkha, Kaski, Kathmandu, Manang, Mustang, Myagdi, Rasuwa, Solukhumbu"
172246584,2021-04-18,0,0,1,0,0,0,0,0,0,0,0,0,0,0,0,0,0,1,1,0,0,0,4 to 6 months,Male,21 - 40 years,Bachelor's degree or equivalent,0 to 2 years,Nuwakot,Kathmandu,"Kaski, Lamjung, Manang, Mustang, Myagdi, Nuwakot, Rasuwa, Solukhumbu"
172248737,2021-04-18,0,0,1,0,0,0,0,0,0,0,0,0,0,0,0,0,0,1,1,0,0,0,1 to 3 months,Male,21 - 40 years,Bachelor's degree or equivalent,3 to 5 years,Rasuwa,Kathmandu,"Chitawan, Dhading, Gorkha, Kaski, Kathmandu, Lalitpur, Manang, Mustang, Myagdi, Palpa, Rasuwa, Rupandehi, Solukhumbu"
172251008,2021-04-18,0,0,0,0,0,0,0,0,0,0,0,0,0,0,0,1,0,0,1,0,0,0,4 to 6 months,Male,21 - 40 years,Bachelor's degree or equivalent,3 to 5 years,Nuwakot,Kathmandu,"Gorkha, Kathmandu, Manang, Mustang, Nuwakot"
172254964,2021-04-18,0,0,1,0,0,0,0,0,0,0,0,0,0,0,0,0,0,0,1,1,0,0,4 to 6 months,Male,21 - 40 years,Bachelor's degree or equivalent,6 to 10 years,Nuwakot,Kathmandu,"Bhaktapur, Chitawan, Gorkha, Kaski, Kathmandu, Lalitpur, Lamjung, Manang, Mustang, Myagdi, Nuwakot, Rasuwa, Solukhumbu"
172256215,2021-04-18,0,1,0,0,0,0,0,0,0,0,0,0,0,0,0,0,0,1,1,1,0,0,4 to 6 months,Male,21 - 40 years,Master's degree or higher,6 to 10 years,Kathmandu,Kathmandu,Kathmandu
172274980,2021-04-19,0,0,0,0,0,0,0,0,0,0,0,0,0,0,0,1,1,1,0,0,1,0,,Male,21 - 40 years,10+2 or equivalent,6 to 10 years,Gorkha,Kathmandu,"Gorkha, Kathmandu"
172291842,2021-04-19,0,0,0,0,0,0,0,0,0,0,0,1,0,0,0,0,1,1,0,0,1,0,,Male,41 - 60 years,Master's degree or higher,15 years or more,Lalitpur,Lalitpur,Kathmandu
172292357,2021-04-19,0,0,0,0,0,1,0,0,0,0,0,0,0,0,0,0,1,1,0,0,1,0,,Male,21 - 40 years,10+2 or equivalent,0 to 2 years,Sarlahi,Bhaktapur,Sarlahi
172294361,2021-04-19,0,1,0,0,0,0,0,0,0,0,0,0,0,0,0,0,0,1,1,0,0,0,4 to 6 months,Male,21 - 40 years,Master's degree or higher,15 years or more,Dhading,Kathmandu,Kathmandu
172295574,2021-04-19,0,1,0,0,0,0,0,0,0,0,0,0,0,0,0,0,1,1,1,1,0,0,4 to 6 months,Male,21 - 40 years,Master's degree or higher,11 to 15 years,Lalitpur,Lalitpur,"Bhaktapur, Chitawan, Kathmandu, Lalitpur"
172297356,2021-04-19,0,0,1,0,0,0,0,0,0,0,0,0,0,0,0,0,0,0,1,0,1,0,4 to 6 months,Male,21 - 40 years,SLC or equivalent,3 to 5 years,Chitawan,Kathmandu,"Chitawan, Gorkha, Kaski, Kathmandu, Lalitpur, Manang, Mustang, Rasuwa, Tanahu"
172297898,2021-04-19,0,0,0,0,0,0,0,0,0,0,0,0,0,0,0,1,1,1,0,0,1,0,,Male,21 - 40 years,10+2 or equivalent,0 to 2 years,Bhaktapur,Bhaktapur,"Bhaktapur, Kathmandu"
172300020,2021-04-19,0,0,0,0,0,0,0,0,0,0,0,0,0,0,0,1,1,1,0,1,1,0,,Male,21 - 40 years,Can read and/or write,3 to 5 years,Gorkha,Kathmandu,Kathmandu
172316529,2021-04-19,0,0,1,0,0,0,0,0,0,0,0,0,0,0,0,0,0,1,1,0,0,0,4 to 6 months,Male,21 - 40 years,Can read and/or write,11 to 15 years,Sankhuwasabha,Kathmandu,"Bhaktapur, Chitawan, Dolpa, Kaski, Kathmandu, Lalitpur, Manang, Mugu, Mustang, Myagdi, Rasuwa, Sankhuwasabha, Sindhupalchok, Solukhumbu, Taplejung"
172317619,2021-04-19,0,0,0,0,0,0,0,0,0,1,0,0,0,0,0,0,0,1,1,0,0,0,4 to 6 months,Male,41 - 60 years,Can read and/or write,15 years or more,Sankhuwasabha,Kathmandu,"Bhaktapur, Dolakha, Kaski, Kathmandu, Manang, Mugu, Mustang, Myagdi, Rasuwa, Sankhuwasabha, Sindhupalchok, Solukhumbu, Taplejung"
172385283,2021-04-19,0,0,0,0,0,0,0,1,0,0,0,0,0,0,0,0,1,1,0,1,1,0,,Male,21 - 40 years,10+2 or equivalent,3 to 5 years,Achham,Kathmandu,Kathmandu
172433101,2021-04-19,0,0,1,0,0,0,0,0,0,0,0,0,0,0,0,0,0,1,1,0,0,0,4 to 6 months,Female,21 - 40 years,No education (illiterate),11 to 15 years,Kathmandu,Dolakha,Kathmandu
172444155,2021-04-19,0,0,1,0,0,0,0,0,0,0,0,0,0,0,0,0,0,1,1,0,0,0,1 to 3 months,Male,21 - 40 years,10+2 or equivalent,6 to 10 years,Dolakha,Dolakha,"Dolakha, Gorkha, Kaski, Mustang, Rasuwa, Solukhumbu"
172508612,2021-04-20,0,0,0,0,0,1,0,0,0,0,0,0,0,0,0,0,1,1,0,0,1,0,,Male,21 - 40 years,10+2 or equivalent,0 to 2 years,Sarlahi,Bhaktapur,"Bhaktapur, Kathmandu, Mahottari, Rautahat, Sarlahi"
172517345,2021-04-20,0,0,0,0,0,0,0,0,0,0,0,0,1,0,0,0,0,0,0,0,1,0,,Male,Less than 20 years,10+2 or equivalent,0 to 2 years,Dang,Kathmandu,Kathmandu
172526531,2021-04-20,0,0,1,0,1,0,0,0,0,0,0,0,0,0,0,0,0,1,1,0,0,0,4 to 6 months,Male,21 - 40 years,10+2 or equivalent,11 to 15 years,Sankhuwasabha,Kathmandu,"Dhading, Dolpa, Jumla, Kathmandu, Manang, Mugu, Mustang, Myagdi, Nuwakot, Ramechhap, Rasuwa, Rolpa, Rukum East, Rukum West, Sankhuwasabha, Sindhuli, Sindhupalchok, Solukhumbu, Syangja, Tanahu, Taplejung, Terhathum"
172753231,2021-04-21,0,0,1,0,0,0,0,0,0,0,0,0,0,0,0,0,0,1,1,0,0,0,4 to 6 months,Male,21 - 40 years,10+2 or equivalent,11 to 15 years,Solukhumbu,Kathmandu,"Dolpa, Gorkha, Kaski, Kathmandu, Lamjung, Manang, Mugu, Mustang, Myagdi, Rasuwa, Solukhumbu, Taplejung"
172788466,2021-04-21,0,0,0,0,0,0,0,0,0,0,0,0,0,0,0,1,1,1,0,0,1,0,,Male,21 - 40 years,Can read and/or write,3 to 5 years,Dhading,Kathmandu,Kathmandu
173083509,2021-04-22,0,0,1,0,0,0,0,0,0,0,0,0,0,0,0,0,0,1,1,0,0,0,4 to 6 months,Male,41 - 60 years,Can read and/or write,15 years or more,Khotang,Kathmandu,"Bhaktapur, Chitawan, Gorkha, Kapilbastu, Kaski, Kathmandu, Lalitpur, Lamjung, Manang, Mustang, Myagdi, Rasuwa, Solukhumbu"
173146978,2021-04-22,0,0,0,0,0,0,0,0,0,1,0,0,0,0,0,0,1,1,0,0,1,0,,Male,21 - 40 years,SLC or equivalent,11 to 15 years,Dolakha,Kathmandu,Kathmandu
173224204,2021-04-23,0,0,1,0,0,0,0,0,0,0,0,0,0,0,0,0,0,0,1,1,0,0,4 to 6 months,Male,21 - 40 years,10+2 or equivalent,11 to 15 years,Rasuwa,Kathmandu,"Lamjung, Manang, Mustang, Rasuwa"
174606584,2021-04-29,0,0,0,0,0,0,0,0,0,0,1,0,0,0,0,0,0,0,0,0,1,0,,Male,21 - 40 years,Bachelor's degree or equivalent,6 to 10 years,Kathmandu,Kathmandu,"Kaski, Kathmandu"
173751553,2021-04-26,0,1,0,0,0,0,0,0,0,0,0,0,0,0,0,0,0,1,0,1,0,0,,Female,21 - 40 years,Master's degree or higher,6 to 10 years,Gorkha,Kathmandu,Gorkha
173755563,2021-04-26,0,1,1,0,0,0,0,0,0,0,0,0,0,0,0,0,0,1,1,1,0,0,4 to 6 months,Male,21 - 40 years,Master's degree or higher,15 years or more,Gorkha,Kathmandu,Kathmandu
173756200,2021-04-26,0,1,1,0,0,0,0,0,0,0,0,0,0,0,0,0,0,0,1,1,0,0,7 to 9 months,Male,21 - 40 years,Bachelor's degree or equivalent,6 to 10 years,Gorkha,Kathmandu,"Bhaktapur, Chitawan, Dhading, Gorkha, Kaski, Kathmandu, Kavrepalanchok, Khotang, Lalitpur, Lamjung, Makwanpur, Manang, Mustang, Myagdi, Nuwakot, Okhaldhunga, Palpa, Parbat, Ramechhap, Rasuwa, Rolpa, Rukum East, Rukum West, Solukhumbu, Syangja, Tanahu"
173760062,2021-04-26,0,1,1,0,0,0,0,0,0,0,0,0,0,0,0,0,0,0,0,1,0,0,,Male,21 - 40 years,Master's degree or higher,11 to 15 years,Dhading,Kathmandu,Kathmandu
173760416,2021-04-26,0,1,0,0,0,0,0,0,0,0,0,0,0,0,0,0,0,1,1,1,0,0,10 to 11 months,Male,21 - 40 years,Master's degree or higher,6 to 10 years,Sindhupalchok,Kathmandu,"Bhaktapur, Chitawan, Gorkha, Kapilbastu, Kaski, Kathmandu, Kavrepalanchok, Lalitpur, Rupandehi, Sindhupalchok"
173761552,2021-04-26,0,0,0,0,1,0,0,0,0,0,0,0,0,0,0,0,0,1,1,0,0,0,10 to 11 months,Male,21 - 40 years,Bachelor's degree or equivalent,6 to 10 years,Gorkha,Kathmandu,Gorkha
173771322,2021-04-26,0,1,1,0,0,0,0,0,0,0,0,0,0,0,0,0,0,1,1,1,0,0,4 to 6 months,Male,21 - 40 years,Bachelor's degree or equivalent,6 to 10 years,Dhading,Kathmandu,"Bhaktapur, Chitawan, Dhading, Dolakha, Gorkha, Kaski, Kathmandu, Kavrepalanchok, Lalitpur, Lamjung, Manang, Mustang, Myagdi, Nawalpur, Parasi, Nuwakot, Rasuwa, Sindhupalchok, Solukhumbu"
173773266,2021-04-26,0,0,1,0,0,0,0,0,0,0,0,0,0,0,0,0,0,1,1,0,0,0,4 to 6 months,Male,21 - 40 years,10+2 or equivalent,11 to 15 years,Dhading,Kathmandu,"Baglung, Chitawan, Dhading, Dolakha, Gorkha, Kaski, Kathmandu, Kavrepalanchok, Lalitpur, Lamjung, Manang, Mustang, Myagdi, Nuwakot, Rasuwa, Solukhumbu"
173774691,2021-04-26,0,0,0,0,0,0,0,0,1,0,0,0,0,0,0,0,0,1,0,1,0,0,,Male,21 - 40 years,Master's degree or higher,0 to 2 years,Baitadi,Kathmandu,"Bajhang, Parasi, Parbat"
173879309,2021-04-26,0,0,0,1,0,0,0,0,0,0,0,0,0,0,0,0,0,0,1,0,0,0,7 to 9 months,Male,41 - 60 years,SLC or equivalent,15 years or more,Tanahu,Kathmandu,"Chitawan, Dhading, Kaski, Kathmandu, Parbat, Sindhupalchok, Syangja, Tanahu"
174053501,2021-04-27,0,0,0,0,0,0,0,0,0,0,0,1,0,0,0,0,1,1,0,0,1,0,,Male,21 - 40 years,Bachelor's degree or equivalent,3 to 5 years,Lamjung,Kaski,Kaski
173963262,2021-04-26,0,0,0,0,0,0,0,0,0,1,0,0,0,0,0,0,1,1,0,0,1,0,,Male,21 - 40 years,10+2 or equivalent,11 to 15 years,Ramechhap,Kathmandu,Kathmandu
173971109,2021-04-26,0,0,1,0,0,0,0,0,0,0,0,0,0,0,0,0,0,0,1,1,0,0,7 to 9 months,Male,21 - 40 years,10+2 or equivalent,6 to 10 years,Dhading,Kathmandu,"Dhading, Dolpa, Gorkha, Ilam, Kapilbastu, Kaski, Kathmandu, Lamjung, Manang, Mugu, Mustang, Myagdi, Rasuwa, Sindhupalchok, Solukhumbu, Taplejung"
174044721,2021-04-27,0,0,0,0,0,0,0,0,0,0,0,1,0,0,0,0,1,1,0,0,1,0,,Male,21 - 40 years,Bachelor's degree or equivalent,15 years or more,Dhading,Kaski,Kaski
174045443,2021-04-27,0,0,0,1,0,0,0,0,0,0,0,0,0,0,0,0,1,1,1,0,0,0,4 to 6 months,Male,21 - 40 years,SLC or equivalent,6 to 10 years,Kathmandu,Sindhupalchok,Sindhupalchok
174046129,2021-04-27,0,0,1,0,0,0,0,0,0,0,0,0,0,0,0,0,0,0,1,0,0,0,1 to 3 months,Male,Less than 20 years,SLC or equivalent,0 to 2 years,Dhading,Kathmandu,"Bardiya, Chitawan, Kaski"
174046336,2021-04-27,0,0,0,0,0,0,0,0,0,0,0,0,0,1,0,0,1,1,0,0,1,0,,Male,21 - 40 years,10+2 or equivalent,11 to 15 years,Dhading,Kaski,Kaski
174048769,2021-04-27,0,0,0,0,0,1,0,0,0,0,0,0,0,0,0,0,1,1,0,0,1,0,,Male,21 - 40 years,Can read and/or write,6 to 10 years,Syangja,Kaski,Kaski
174050061,2021-04-27,0,0,0,0,0,0,0,0,0,0,0,0,0,1,0,0,0,1,0,0,1,0,,Male,41 - 60 years,Bachelor's degree or equivalent,15 years or more,Lalitpur,Kavrepalanchok,Kathmandu
174267462,2021-04-27,0,0,0,0,0,0,0,0,0,0,0,1,0,0,0,0,1,1,0,0,1,0,,Male,21 - 40 years,10+2 or equivalent,6 to 10 years,Dolakha,Kathmandu,Lalitpur
174065828,2021-04-27,0,0,1,0,0,0,0,0,0,0,0,0,0,0,1,1,0,0,0,1,0,0,,Male,21 - 40 years,10+2 or equivalent,3 to 5 years,Chitawan,Kathmandu,"Chitawan, Kapilbastu, Kaski, Kathmandu, Mustang, Myagdi"
174089382,2021-04-27,0,0,0,0,0,0,0,0,0,1,0,0,0,0,0,0,1,1,0,0,1,0,,Male,21 - 40 years,10+2 or equivalent,11 to 15 years,Kaski,Kaski,Kaski
174095780,2021-04-27,0,0,0,0,0,0,0,0,0,1,0,1,0,0,0,0,1,1,0,0,1,0,,Male,21 - 40 years,10+2 or equivalent,11 to 15 years,Kaski,Kaski,"Kaski, Kathmandu"
174104475,2021-04-27,0,0,0,0,0,0,0,0,0,1,0,0,0,0,0,0,0,1,0,0,1,0,,Male,41 - 60 years,SLC or equivalent,15 years or more,Parbat,Parbat,Kaski
174127375,2021-04-27,0,0,0,0,0,0,0,0,0,0,0,0,0,0,0,1,1,1,0,0,1,0,,Female,21 - 40 years,10+2 or equivalent,15 years or more,Lalitpur,Lalitpur,Kathmandu
174134066,2021-04-27,0,0,1,0,0,0,0,0,0,0,0,0,0,0,0,0,0,0,1,0,0,0,7 to 9 months,Male,41 - 60 years,SLC or equivalent,11 to 15 years,Bhojpur,Kathmandu,"Dolakha, Gorkha, Kaski, Lamjung, Manang, Mustang, Myagdi, Rasuwa"
174138626,2021-04-27,0,1,0,0,0,0,0,0,0,0,0,0,0,0,0,0,0,1,1,1,0,0,4 to 6 months,Male,21 - 40 years,Bachelor's degree or equivalent,11 to 15 years,Lalitpur,Lalitpur,Kathmandu
174148819,2021-04-27,0,0,0,0,0,0,0,0,0,0,0,0,1,0,0,0,1,1,0,0,1,0,,Male,41 - 60 years,10+2 or equivalent,15 years or more,Bara,Kaski,Kaski
174149342,2021-04-27,0,0,0,1,0,0,0,0,0,0,0,0,0,0,0,0,0,1,1,1,0,0,1 to 3 months,Male,21 - 40 years,Can read and/or write,15 years or more,Ramechhap,Kathmandu,"Ramechhap, Sindhuli, Sindhupalchok, Taplejung, Terhathum"
174157309,2021-04-27,0,0,1,0,0,0,0,0,0,0,0,0,0,0,0,0,0,1,1,1,0,0,1 to 3 months,Male,21 - 40 years,10+2 or equivalent,6 to 10 years,Kathmandu,Dolakha,Kathmandu
174181470,2021-04-27,0,0,0,0,0,0,0,0,0,1,0,0,0,0,0,0,1,1,0,0,1,0,,Male,41 - 60 years,Bachelor's degree or equivalent,15 years or more,Kathmandu,Kathmandu,Kathmandu
174193791,2021-04-27,0,0,0,0,0,0,0,0,0,0,0,1,0,0,0,0,1,1,0,0,1,0,,Male,21 - 40 years,SLC or equivalent,15 years or more,Dolakha,Kaski,Kaski
174205572,2021-04-27,0,0,0,0,0,0,0,0,0,1,0,0,0,0,0,0,1,1,0,0,1,0,,Male,21 - 40 years,Master's degree or higher,3 to 5 years,Syangja,Syangja,Syangja
174213289,2021-04-27,0,0,0,0,0,0,0,0,0,0,0,1,0,0,0,0,1,1,0,0,1,0,,Female,21 - 40 years,Bachelor's degree or equivalent,3 to 5 years,Kathmandu,Kathmandu,Kathmandu
174216192,2021-04-27,0,0,0,0,0,0,0,0,0,0,0,1,0,0,0,0,0,1,0,0,1,0,,Male,21 - 40 years,SLC or equivalent,0 to 2 years,Achham,Kaski,Kaski
174218745,2021-04-27,0,0,1,0,0,0,0,0,0,0,0,0,0,0,0,0,0,0,1,1,0,0,1 to 3 months,Male,21 - 40 years,10+2 or equivalent,6 to 10 years,Khotang,Kathmandu,"Bhojpur, Dhading, Gorkha, Kaski, Manang, Mustang, Sankhuwasabha, Solukhumbu, Tanahu"
174219007,2021-04-27,0,0,0,0,0,0,0,0,0,1,0,0,0,0,0,0,1,1,0,0,1,0,,Male,21 - 40 years,10+2 or equivalent,11 to 15 years,Kathmandu,Kathmandu,Kathmandu
174232975,2021-04-27,0,0,1,0,0,0,0,0,0,0,0,0,0,0,0,0,0,1,1,1,0,0,7 to 9 months,Male,41 - 60 years,SLC or equivalent,15 years or more,Morang,Kathmandu,"Baglung, Bhaktapur, Bhojpur, Chitawan, Dolakha, Dolpa, Gorkha, Ilam, Kaski, Kathmandu, Lamjung, Manang, Mustang, Myagdi, Nuwakot, Rasuwa, Sankhuwasabha, Sindhupalchok, Solukhumbu, Taplejung"
174243886,2021-04-27,0,0,1,0,0,0,0,0,0,0,0,0,0,0,0,0,0,1,1,0,0,0,1 to 3 months,Male,21 - 40 years,10+2 or equivalent,15 years or more,Kavrepalanchok,Makwanpur,"Bhaktapur, Chitawan, Dolakha, Gorkha, Kaski, Kathmandu, Kavrepalanchok, Lamjung, Manang, Mustang, Myagdi, Ramechhap, Rasuwa, Sindhupalchok, Solukhumbu"
174255157,2021-04-27,0,1,1,0,0,0,1,0,0,0,1,0,0,0,0,0,0,0,1,0,0,0,7 to 9 months,Male,21 - 40 years,Bachelor's degree or equivalent,6 to 10 years,Gorkha,Kathmandu,Kathmandu
174260043,2021-04-27,0,0,0,0,0,0,0,0,0,0,0,1,0,0,0,0,1,1,0,0,1,0,,Male,41 - 60 years,10+2 or equivalent,15 years or more,Lalitpur,Lalitpur,"Achham, Arghakhanchi, Baglung, Baitadi, Bajhang, Bajura, Banke, Bara, Bardiya, Bhaktapur, Bhojpur, Chitawan, Dadeldhura, Dailekh, Dang, Darchula, Dhading, Dhankuta, Dhanusa, Dolakha, Dolpa, Doti, Gorkha, Gulmi, Humla, Ilam, Jajarkot, Jhapa, Jumla, Kailali, Kalikot, Kanchanpur, Kapilbastu, Kaski, Kathmandu, Kavrepalanchok, Khotang, Lalitpur, Lamjung, Mahottari, Makwanpur, Manang, Morang, Mugu, Mustang, Myagdi, Nawalpur, Parasi, Nuwakot, Okhaldhunga, Palpa, Panchthar, Parbat, Parsa, Pyuthan, Ramechhap, Rasuwa, Rautahat, Rolpa, Rukum East, Rukum West, Rupandehi, Salyan, Sankhuwasabha, Saptari, Sarlahi, Sindhuli, Sindhupalchok, Siraha, Solukhumbu, Sunsari, Surkhet, Syangja, Tanahu, Taplejung, Terhathum, Udayapur"
174270537,2021-04-27,0,0,0,0,0,0,0,0,0,0,0,0,1,0,0,0,1,0,0,0,1,0,,Female,21 - 40 years,10+2 or equivalent,6 to 10 years,Sindhupalchok,Kathmandu,Lalitpur
174273865,2021-04-27,0,1,1,1,0,0,0,0,0,0,0,0,0,0,0,0,0,0,1,0,0,0,4 to 6 months,Male,21 - 40 years,SLC or equivalent,6 to 10 years,Solukhumbu,Solukhumbu,"Mustang, Solukhumbu, Taplejung"
174294566,2021-04-28,0,1,0,0,0,0,0,0,0,0,0,0,0,0,0,0,1,1,0,0,1,0,,Male,21 - 40 years,Master's degree or higher,11 to 15 years,Rukum West,Kathmandu,"Bhaktapur, Chitawan, Kaski, Kathmandu, Kavrepalanchok, Lalitpur, Makwanpur, Palpa, Rupandehi, Sindhupalchok"
174343622,2021-04-28,0,0,0,0,0,0,0,0,0,0,0,1,0,0,0,0,1,1,0,0,1,0,,Male,41 - 60 years,10+2 or equivalent,15 years or more,Sindhuli,Kathmandu,Lalitpur
174363062,2021-04-28,0,0,0,0,0,0,0,0,0,1,0,0,0,0,0,0,0,1,0,0,1,0,,Male,21 - 40 years,10+2 or equivalent,3 to 5 years,Kaski,Kaski,Kaski
174370665,2021-04-28,0,0,0,0,0,0,0,0,0,0,0,1,0,0,0,0,1,1,0,0,1,0,,Female,21 - 40 years,10+2 or equivalent,3 to 5 years,Kaski,Kaski,Kaski
174376289,2021-04-28,0,0,0,0,0,0,0,0,0,0,0,1,0,0,0,0,1,1,0,0,1,0,,Male,21 - 40 years,10+2 or equivalent,11 to 15 years,Kaski,Kaski,Kaski
174384376,2021-04-28,0,0,0,0,0,0,0,0,0,0,0,1,0,0,0,0,1,1,0,0,1,0,,Male,21 - 40 years,10+2 or equivalent,3 to 5 years,Syangja,Kaski,Kaski
174409271,2021-04-28,0,1,0,0,0,0,0,0,0,0,0,0,0,0,0,0,0,1,1,1,0,0,4 to 6 months,Male,21 - 40 years,Bachelor's degree or equivalent,6 to 10 years,Kaski,Kaski,Kaski
174465515,2021-04-28,0,0,0,0,0,0,0,0,0,0,0,1,0,1,0,0,1,1,0,0,1,0,,Male,21 - 40 years,Bachelor's degree or equivalent,3 to 5 years,Kaski,Kaski,"Kaski, Kathmandu, Parsa"
174961294,2021-04-30,0,0,1,0,0,0,0,0,0,0,0,0,0,0,0,0,0,0,1,0,0,0,4 to 6 months,Male,21 - 40 years,10+2 or equivalent,3 to 5 years,Rasuwa,Kathmandu,"Bhaktapur, Chitawan, Gorkha, Ilam, Kathmandu, Lamjung, Manang, Mustang, Nuwakot, Rasuwa, Taplejung"
174575061,2021-04-28,0,0,0,0,0,0,0,0,0,0,0,0,0,0,0,1,0,1,0,0,0,1,,Female,21 - 40 years,Bachelor's degree or equivalent,3 to 5 years,Kathmandu,Kathmandu,Kathmandu
174594091,2021-04-28,0,0,0,0,0,0,0,0,0,0,1,0,0,0,0,0,0,0,0,0,1,0,,Male,21 - 40 years,Bachelor's degree or equivalent,3 to 5 years,Sunsari,Kathmandu,Kathmandu
174652252,2021-04-29,0,0,1,0,0,0,0,0,0,0,0,0,0,0,0,0,1,0,0,1,0,0,,Male,21 - 40 years,10+2 or equivalent,6 to 10 years,Sunsari,Bhojpur,"Bhaktapur, Chitawan, Ilam, Kaski, Kathmandu, Manang, Mustang, Okhaldhunga, Solukhumbu"
174654503,2021-04-29,0,0,0,0,0,0,1,0,0,0,0,0,0,0,0,0,0,1,0,0,1,0,,Female,21 - 40 years,Bachelor's degree or equivalent,6 to 10 years,Kathmandu,Kathmandu,Kathmandu
174661419,2021-04-29,0,0,0,0,0,0,0,0,0,0,0,1,0,0,0,0,1,1,0,0,1,0,,Male,21 - 40 years,SLC or equivalent,15 years or more,Dhading,Kaski,Kaski
174668227,2021-04-29,0,0,0,0,0,0,0,0,0,0,0,0,0,0,0,1,1,1,0,0,1,0,,Male,41 - 60 years,10+2 or equivalent,15 years or more,Kaski,Kaski,Kaski
174709627,2021-04-29,0,0,1,0,0,0,0,0,0,0,0,0,0,0,0,0,0,0,1,0,0,0,4 to 6 months,Male,21 - 40 years,Master's degree or higher,0 to 2 years,Syangja,Syangja,Mustang
174719674,2021-04-29,0,0,1,0,0,0,0,0,0,0,0,0,0,0,0,0,0,0,1,0,0,0,4 to 6 months,Male,21 - 40 years,10+2 or equivalent,11 to 15 years,Gorkha,Kathmandu,Kathmandu
174750385,2021-04-29,0,0,0,0,0,0,1,0,0,0,0,0,0,0,0,0,0,1,0,0,1,0,,Male,21 - 40 years,Bachelor's degree or equivalent,0 to 2 years,Kathmandu,Kathmandu,Kathmandu
174784338,2021-04-29,0,0,1,0,0,0,0,0,0,0,0,0,0,0,0,0,0,0,1,0,0,0,4 to 6 months,Male,21 - 40 years,Bachelor's degree or equivalent,3 to 5 years,Solukhumbu,Kathmandu,"Lamjung, Manang, Mustang, Myagdi, Solukhumbu"
174817738,2021-04-29,0,0,1,0,0,0,0,0,0,0,0,0,0,0,0,0,1,0,1,0,0,1,4 to 6 months,Male,21 - 40 years,10+2 or equivalent,6 to 10 years,Bhojpur,Kathmandu,"Bhaktapur, Bhojpur, Chitawan, Dhading, Dhankuta, Gorkha, Ilam, Jhapa, Kaski, Kathmandu, Kavrepalanchok, Lamjung, Manang, Morang, Mustang, Myagdi, Okhaldhunga, Panchthar, Parbat, Rasuwa, Syangja, Tanahu, Terhathum, Udayapur"
174943211,2021-04-30,0,0,1,0,0,0,0,0,0,0,0,0,0,0,0,0,0,0,1,1,0,0,7 to 9 months,Male,21 - 40 years,SLC or equivalent,3 to 5 years,Dhading,Dhading,Dhading
174952526,2021-04-30,0,0,1,0,0,0,0,0,0,0,0,0,0,0,0,0,0,1,1,1,0,0,7 to 9 months,Male,21 - 40 years,10+2 or equivalent,11 to 15 years,Gorkha,Kathmandu,"Dolakha, Dolpa, Gorkha, Humla, Jumla, Kaski, Kathmandu, Lalitpur, Lamjung, Manang, Mugu, Mustang, Myagdi, Parbat, Rasuwa, Rukum East, Rukum West, Sankhuwasabha, Solukhumbu, Tanahu, Taplejung"
174954747,2021-04-30,0,0,0,0,0,0,0,0,0,0,0,1,0,0,0,0,0,1,0,0,1,0,,Male,21 - 40 years,10+2 or equivalent,0 to 2 years,Bhaktapur,Bhaktapur,Kathmandu
174982226,2021-04-30,0,0,0,0,0,0,1,0,0,0,0,0,0,0,0,1,0,1,0,0,1,0,,Male,21 - 40 years,10+2 or equivalent,0 to 2 years,Morang,Kathmandu,Kathmandu
175010343,2021-04-30,0,0,1,0,1,0,0,0,0,0,0,0,0,0,0,0,0,0,0,1,0,0,,Male,41 - 60 years,Can read and/or write,15 years or more,Solukhumbu,Kathmandu,"Dhading, Dhankuta, Dolakha, Dolpa, Gorkha, Humla, Ilam, Jajarkot, Jumla, Kalikot, Kaski, Lamjung, Manang, Mugu, Mustang, Myagdi, Nuwakot, Okhaldhunga, Rasuwa, Rolpa, Rukum West, Sankhuwasabha, Solukhumbu, Syangja, Taplejung"
175020792,2021-04-30,0,0,1,0,0,0,0,0,0,0,0,0,0,0,0,0,0,0,0,1,0,0,,Male,21 - 40 years,SLC or equivalent,3 to 5 years,Bhojpur,Morang,"Kaski, Lamjung, Manang, Mustang, Myagdi, Solukhumbu"
175021614,2021-04-30,0,0,0,0,0,0,1,0,0,0,0,0,0,0,0,0,0,1,0,0,1,0,,Female,21 - 40 years,Bachelor's degree or equivalent,3 to 5 years,Lalitpur,Lalitpur,"Chitawan, Kaski, Kathmandu, Lalitpur, Manang, Mustang, Myagdi, Parbat, Rasuwa, Solukhumbu"
175151847,2021-05-01,0,1,0,0,0,0,0,0,0,0,0,0,0,0,0,0,0,1,1,1,0,0,4 to 6 months,Male,41 - 60 years,Master's degree or higher,11 to 15 years,Kathmandu,Kathmandu,"Bardiya, Bhaktapur, Chitawan, Kapilbastu, Kaski, Kathmandu, Kavrepalanchok, Lalitpur"
175151868,2021-05-01,0,0,0,0,0,0,0,0,0,0,0,0,1,0,0,0,1,1,0,0,1,0,,Male,21 - 40 years,10+2 or equivalent,11 to 15 years,Syangja,Kaski,Kaski
175153138,2021-05-01,0,1,0,0,0,0,0,0,0,0,0,0,0,0,0,0,0,1,1,1,0,0,4 to 6 months,Female,21 - 40 years,Bachelor's degree or equivalent,6 to 10 years,Kathmandu,Kathmandu,"Bhaktapur, Chitawan, Kapilbastu, Kaski, Kathmandu, Lalitpur, Lamjung, Manang, Mustang, Tanahu"
175153950,2021-05-01,0,0,0,0,0,0,0,0,0,0,0,0,0,0,0,1,1,0,0,0,1,0,,Female,Less than 20 years,Bachelor's degree or equivalent,0 to 2 years,Morang,Kathmandu,Kathmandu
175155165,2021-05-01,0,0,0,0,0,0,0,0,0,0,0,0,0,0,0,1,0,0,0,0,1,0,,Female,21 - 40 years,SLC or equivalent,6 to 10 years,Morang,Kathmandu,Kathmandu
175160805,2021-05-01,0,0,0,0,0,0,0,0,0,0,0,0,0,0,0,1,0,1,0,0,1,0,,Female,21 - 40 years,Bachelor's degree or equivalent,3 to 5 years,Nuwakot,Kathmandu,"Chitawan, Kaski, Kathmandu, Mustang, Solukhumbu"
175163126,2021-05-01,0,1,0,0,0,0,0,0,0,0,0,0,0,0,0,0,0,1,1,0,0,0,4 to 6 months,Male,21 - 40 years,Bachelor's degree or equivalent,6 to 10 years,Lalitpur,Lalitpur,"Bhaktapur, Chitawan, Kaski, Kathmandu, Lalitpur, Rasuwa"
175205087,2021-05-01,0,0,1,0,0,0,0,0,0,0,0,0,0,0,0,0,0,1,1,0,0,0,4 to 6 months,Male,41 - 60 years,SLC or equivalent,15 years or more,Kavrepalanchok,Lalitpur,"Baglung, Bhaktapur, Dolpa, Gorkha, Humla, Kaski, Kathmandu, Kavrepalanchok, Lalitpur, Lamjung, Manang, Mustang, Myagdi, Nuwakot, Parbat, Ramechhap, Rasuwa, Sankhuwasabha, Sindhuli, Sindhupalchok, Solukhumbu, Syangja, Tanahu"
175206294,2021-05-01,0,0,1,0,0,0,0,0,0,0,0,0,0,0,0,0,0,0,1,0,0,0,4 to 6 months,Male,21 - 40 years,Bachelor's degree or equivalent,3 to 5 years,Solukhumbu,Kathmandu,"Manang, Mustang, Myagdi, Solukhumbu"
175241084,2021-05-01,0,0,0,0,0,0,0,0,0,1,0,0,0,0,0,0,1,0,0,0,1,0,,Male,21 - 40 years,10+2 or equivalent,3 to 5 years,Jhapa,Kathmandu,Kathmandu
175264630,2021-05-01,0,0,1,0,0,0,0,0,0,0,0,0,0,0,0,1,0,1,1,0,0,0,1 to 3 months,Male,21 - 40 years,Bachelor's degree or equivalent,0 to 2 years,Sindhupalchok,Kathmandu,"Dolpa, Mustang, Rasuwa, Sindhupalchok, Solukhumbu"
175288460,2021-05-02,0,0,0,0,0,0,1,0,0,0,0,0,0,0,0,0,0,1,0,0,1,0,,Male,21 - 40 years,Bachelor's degree or equivalent,3 to 5 years,Kathmandu,Kathmandu,Kathmandu
175502146,2021-05-03,0,1,1,0,1,0,1,0,0,0,0,0,0,0,0,0,0,0,1,1,0,0,7 to 9 months,Male,21 - 40 years,SLC or equivalent,6 to 10 years,Dhading,Lalitpur,"Dhading, Kathmandu, Lalitpur, Manang"
175594182,2021-05-03,0,0,1,0,0,0,0,0,0,0,0,0,0,0,0,0,0,1,1,1,0,0,4 to 6 months,Male,21 - 40 years,SLC or equivalent,6 to 10 years,Bhaktapur,Kathmandu,"Banke, Bardiya, Chitawan, Dailekh, Gorkha, Ilam, Jumla, Kapilbastu, Kaski, Kathmandu, Lalitpur, Lamjung, Manang, Mugu, Mustang, Nuwakot, Parsa, Rupandehi, Taplejung"
175959882,2021-05-05,0,1,1,0,0,0,0,0,0,0,0,0,0,0,0,0,0,1,0,1,0,0,,Male,21 - 40 years,Bachelor's degree or equivalent,11 to 15 years,Bara,Kathmandu,Kathmandu
175960018,2021-05-05,0,1,0,0,0,0,0,0,0,0,0,0,0,0,0,0,0,1,1,1,0,0,4 to 6 months,Male,21 - 40 years,Master's degree or higher,6 to 10 years,Gorkha,Kathmandu,"Chitawan, Kaski, Kathmandu"
176082118,2021-05-05,0,1,1,0,0,0,0,0,0,0,0,0,0,0,0,0,1,1,1,1,0,0,4 to 6 months,Male,21 - 40 years,Bachelor's degree or equivalent,11 to 15 years,Dhading,Kathmandu,"Bhaktapur, Chitawan, Darchula, Dhading, Dhankuta, Doti, Gorkha, Gulmi, Ilam, Jumla, Kailali, Kanchanpur, Kapilbastu, Kaski, Kathmandu, Khotang, Lalitpur, Lamjung, Manang, Mustang, Myagdi, Nuwakot, Parbat, Parsa, Rasuwa, Solukhumbu, Syangja, Tanahu"
176133250,2021-05-05,0,1,1,0,0,0,0,0,0,0,0,0,0,0,0,0,0,1,1,1,0,0,4 to 6 months,Male,21 - 40 years,Bachelor's degree or equivalent,6 to 10 years,Kathmandu,Kathmandu,"Bhaktapur, Chitawan, Kapilbastu, Kaski, Kathmandu, Kavrepalanchok, Lalitpur, Mugu, Nuwakot, Palpa, Parsa, Rasuwa, Sindhupalchok"
176241589,2021-05-06,0,0,1,0,0,0,0,0,0,0,0,0,0,0,0,0,0,1,0,1,0,0,,Male,21 - 40 years,SLC or equivalent,15 years or more,Kaski,Kaski,Kaski
176256209,2021-05-06,0,0,1,0,0,0,0,0,0,0,0,0,0,0,0,0,1,1,1,0,0,0,4 to 6 months,Male,21 - 40 years,SLC or equivalent,11 to 15 years,Kaski,Kaski,"Gorkha, Kaski, Manang, Mustang, Myagdi, Solukhumbu, Tanahu"
176260887,2021-05-06,0,1,0,0,0,0,0,0,0,0,0,0,0,0,0,0,0,1,1,0,0,0,1 to 3 months,Male,21 - 40 years,Bachelor's degree or equivalent,3 to 5 years,Lalitpur,Lalitpur,"Bhaktapur, Chitawan, Kaski, Kathmandu, Lalitpur, Ramechhap, Solukhumbu"
176312011,2021-05-06,0,1,1,0,0,0,0,0,0,0,0,0,0,0,0,0,0,1,1,0,0,0,1 to 3 months,Male,41 - 60 years,Bachelor's degree or equivalent,15 years or more,Kaski,Chitawan,"Baglung, Baitadi, Bardiya, Chitawan, Dhading, Dolakha, Dolpa, Gorkha, Gulmi, Humla, Ilam, Jajarkot, Jhapa, Kaski, Kathmandu, Kavrepalanchok, Lalitpur, Lamjung, Makwanpur, Manang, Mugu, Mustang, Myagdi, Nawalpur, Parasi, Nuwakot, Okhaldhunga, Palpa, Parbat, Parsa, Pyuthan, Ramechhap, Rautahat, Rolpa, Siraha, Solukhumbu, Surkhet, Syangja, Tanahu, Taplejung, Terhathum"
176416583,2021-05-06,0,1,1,0,0,0,0,0,0,0,0,0,0,0,0,0,0,1,1,1,0,0,4 to 6 months,Male,21 - 40 years,Master's degree or higher,6 to 10 years,Nuwakot,Kathmandu,"Bhaktapur, Chitawan, Dolpa, Gorkha, Humla, Kaski, Kathmandu, Lalitpur, Lamjung, Manang, Mugu, Mustang, Myagdi, Nuwakot, Rasuwa"
176424461,2021-05-06,0,0,1,0,0,0,0,0,0,0,0,0,0,0,0,0,0,0,1,0,0,0,1 to 3 months,Male,41 - 60 years,SLC or equivalent,15 years or more,Dolakha,Bhaktapur,"Dolakha, Manang, Mustang, Rasuwa"
176516346,2021-05-07,0,0,0,0,0,0,0,0,0,0,0,1,0,0,0,0,1,1,0,0,1,0,,Male,21 - 40 years,SLC or equivalent,3 to 5 years,Mahottari,Dhanusa,Mahottari
176517889,2021-05-07,0,0,0,1,0,0,0,0,0,0,0,0,0,0,0,0,0,1,1,1,0,0,7 to 9 months,Male,21 - 40 years,10+2 or equivalent,11 to 15 years,Syangja,Kathmandu,"Bhaktapur, Chitawan, Gorkha, Kaski, Kathmandu, Lamjung, Parbat, Sindhupalchok, Tanahu"
176771614,2021-05-08,0,1,0,0,0,0,0,0,0,0,0,0,0,0,0,0,0,1,1,0,0,0,7 to 9 months,Male,21 - 40 years,Bachelor's degree or equivalent,6 to 10 years,Nuwakot,Kathmandu,"Bardiya, Bhaktapur, Chitawan, Gorkha, Kaski, Kathmandu, Kavrepalanchok, Lalitpur, Lamjung, Manang, Mustang, Rasuwa"
176782182,2021-05-08,0,0,1,0,0,0,0,0,0,0,0,0,0,0,0,0,0,1,1,0,0,0,1 to 3 months,Male,21 - 40 years,10+2 or equivalent,6 to 10 years,Dhading,Kathmandu,Dhading
177124494,2021-05-10,0,0,1,0,0,0,0,0,0,0,0,0,0,0,0,0,0,1,0,1,0,0,,Male,21 - 40 years,Bachelor's degree or equivalent,11 to 15 years,Dhanusa,Dhanusa,Manang
177743049,2021-05-14,0,0,0,0,0,0,0,0,0,0,0,1,0,0,0,0,1,1,0,0,1,0,,Male,41 - 60 years,10+2 or equivalent,15 years or more,Kaski,Kaski,Kaski
177863360,2021-05-15,0,1,1,0,0,0,0,0,0,0,0,0,0,0,0,0,0,1,1,1,0,0,4 to 6 months,Male,21 - 40 years,Master's degree or higher,6 to 10 years,Dhading,Kathmandu,"Bhaktapur, Chitawan, Dhading, Gorkha, Kaski, Kathmandu, Lalitpur, Manang, Mustang, Rasuwa, Solukhumbu"
178120079,2021-05-17,0,1,0,0,0,0,0,0,0,0,0,0,0,0,0,0,1,1,1,1,0,0,4 to 6 months,Female,21 - 40 years,Master's degree or higher,3 to 5 years,Kathmandu,Kathmandu,Kathmandu
179812360,2021-05-25,0,0,0,0,0,0,0,0,0,0,0,1,0,0,0,0,0,1,0,0,1,0,,Female,41 - 60 years,Master's degree or higher,6 to 10 years,Bardiya,Kathmandu,Kathmandu
180678987,2021-05-28,0,1,0,0,0,0,0,0,0,0,0,0,0,0,0,0,0,1,1,1,0,0,4 to 6 months,Male,21 - 40 years,Master's degree or higher,11 to 15 years,Gorkha,Kathmandu,"Bhaktapur, Chitawan, Gorkha, Kapilbastu, Kaski, Kathmandu, Kavrepalanchok, Lalitpur, Makwanpur, Nuwakot, Rasuwa, Solukhumbu"
180689226,2021-05-28,0,1,0,0,0,0,0,0,0,0,0,0,0,0,0,0,0,1,1,1,0,0,4 to 6 months,Male,21 - 40 years,Master's degree or higher,15 years or more,Nuwakot,Kathmandu,Kathmandu
180691284,2021-05-28,0,1,0,0,0,0,0,0,0,0,0,0,0,0,0,0,0,1,1,1,0,0,1 to 3 months,Male,21 - 40 years,Master's degree or higher,6 to 10 years,Chitawan,Chitawan,Kathmandu
180714180,2021-05-28,0,0,1,0,0,0,0,0,0,0,0,0,0,0,0,0,0,1,1,1,0,0,4 to 6 months,Male,21 - 40 years,SLC or equivalent,11 to 15 years,Khotang,Kathmandu,"Gorkha, Kaski, Lamjung, Manang, Mustang, Myagdi, Rasuwa, Sankhuwasabha, Sindhupalchok, Solukhumbu, Tanahu, Taplejung"
180714263,2021-05-28,0,0,1,0,0,0,0,0,0,0,0,0,0,0,0,0,0,1,1,0,0,0,4 to 6 months,Male,21 - 40 years,SLC or equivalent,15 years or more,Solukhumbu,Kathmandu,"Dolakha, Dolpa, Manang, Mustang, Solukhumbu"
180714683,2021-05-28,1,1,0,0,0,0,0,0,0,0,0,0,0,0,0,0,0,0,1,0,1,0,1 to 3 months,Male,21 - 40 years,Bachelor's degree or equivalent,6 to 10 years,Gorkha,Kathmandu,Kathmandu
180737178,2021-05-28,0,0,1,0,1,0,0,0,0,0,0,0,0,0,0,0,0,1,1,0,0,0,4 to 6 months,Male,21 - 40 years,Bachelor's degree or equivalent,15 years or more,Sankhuwasabha,Kathmandu,"Dolpa, Kathmandu, Manang, Mustang, Rasuwa, Sankhuwasabha, Solukhumbu, Taplejung"
180752752,2021-05-28,0,1,0,0,0,0,0,0,0,0,0,0,0,0,0,0,0,1,1,0,0,0,4 to 6 months,Male,21 - 40 years,Bachelor's degree or equivalent,3 to 5 years,Bhaktapur,Bhaktapur,"Bhaktapur, Chitawan, Kaski, Kathmandu, Lalitpur, Mustang"
180756630,2021-05-28,0,1,1,0,0,0,0,0,0,0,0,0,0,0,0,0,0,1,1,1,0,0,1 to 3 months,Male,21 - 40 years,Bachelor's degree or equivalent,15 years or more,Gorkha,Kathmandu,"Dhading, Dolpa, Gorkha, Humla, Ilam, Kapilbastu, Kaski, Kathmandu, Kavrepalanchok, Lalitpur, Lamjung, Manang, Mugu, Mustang, Myagdi, Nuwakot, Rasuwa, Rupandehi, Sunsari"
180770701,2021-05-28,0,1,0,0,0,0,0,0,0,0,0,0,0,0,0,0,0,1,1,0,0,0,4 to 6 months,Male,21 - 40 years,Bachelor's degree or equivalent,11 to 15 years,Kavrepalanchok,Kathmandu,"Chitawan, Gorkha, Kapilbastu, Kathmandu, Kavrepalanchok, Lalitpur"
180788000,2021-05-28,0,1,0,0,0,0,0,0,0,0,0,0,0,0,0,0,0,1,1,0,0,0,4 to 6 months,Female,21 - 40 years,Master's degree or higher,0 to 2 years,Kathmandu,Ilam,Kathmandu
180795084,2021-05-28,0,0,1,0,0,0,0,0,0,0,0,0,0,0,0,0,0,0,0,1,0,0,,Male,21 - 40 years,10+2 or equivalent,6 to 10 years,Gorkha,Kathmandu,"Baglung, Bhaktapur, Gorkha, Kaski, Kathmandu, Lamjung, Manang, Mustang, Myagdi, Ramechhap, Rasuwa, Sindhupalchok, Solukhumbu, Tanahu"
180801296,2021-05-28,0,0,1,0,0,0,0,0,0,0,0,0,0,0,0,0,0,0,1,1,0,0,7 to 9 months,Male,21 - 40 years,Bachelor's degree or equivalent,3 to 5 years,Lamjung,Kathmandu,"Dolpa, Gorkha, Kaski, Lamjung, Manang, Mugu, Mustang, Myagdi, Rasuwa, Sankhuwasabha, Solukhumbu"
180804160,2021-05-28,0,0,1,0,0,0,0,0,0,0,0,0,0,0,0,0,0,0,0,1,0,0,,Male,21 - 40 years,Bachelor's degree or equivalent,6 to 10 years,Dhading,Kathmandu,"Chitawan, Dhading, Dolakha, Doti, Gorkha, Gulmi, Humla, Ilam, Kalikot, Kanchanpur, Kaski, Kathmandu, Kavrepalanchok, Lamjung, Manang, Mustang, Myagdi, Nuwakot, Okhaldhunga, Parbat, Ramechhap, Sindhupalchok, Solukhumbu, Syangja, Tanahu"
180806710,2021-05-28,0,0,1,0,0,0,0,0,0,0,0,0,0,0,0,0,0,0,0,1,0,0,,Male,41 - 60 years,Can read and/or write,15 years or more,Dhading,Kathmandu,"Dhading, Gorkha, Kathmandu, Manang, Mustang, Myagdi, Nuwakot, Okhaldhunga, Parbat, Ramechhap, Rasuwa, Sindhupalchok, Solukhumbu, Syangja, Tanahu, Taplejung"
180809294,2021-05-28,0,0,1,0,0,0,0,0,0,0,0,0,0,0,0,0,0,0,0,1,0,0,,Male,21 - 40 years,SLC or equivalent,3 to 5 years,Gorkha,Kathmandu,"Gorkha, Kaski, Kathmandu"
180812541,2021-05-28,0,0,1,0,0,0,0,0,0,0,0,0,0,0,0,0,0,0,1,0,0,0,7 to 9 months,Male,21 - 40 years,SLC or equivalent,3 to 5 years,Gorkha,Kathmandu,"Gorkha, Kaski, Kathmandu, Lalitpur, Mustang, Ramechhap, Sankhuwasabha"
180814570,2021-05-28,0,1,1,1,1,0,0,0,0,0,0,0,0,0,0,0,1,1,1,1,0,0,7 to 9 months,Male,21 - 40 years,10+2 or equivalent,11 to 15 years,Syangja,Kaski,"Arghakhanchi, Baglung, Bardiya, Bhaktapur, Chitawan, Dolpa, Gorkha, Humla, Jumla, Kalikot, Kanchanpur, Kaski, Kavrepalanchok, Khotang, Lalitpur, Lamjung, Manang, Mugu, Mustang, Myagdi, Nuwakot, Okhaldhunga, Parbat, Rasuwa, Rolpa, Rukum East, Rukum West, Salyan, Sankhuwasabha, Sindhupalchok, Siraha, Solukhumbu, Sunsari, Tanahu, Taplejung"
180818682,2021-05-28,0,0,1,0,0,0,0,0,0,0,0,0,0,0,0,0,1,0,0,1,0,0,,Male,21 - 40 years,10+2 or equivalent,3 to 5 years,Gorkha,Kathmandu,Gorkha
180818696,2021-05-28,0,0,1,0,0,0,0,0,0,0,0,0,0,0,0,0,0,1,1,0,0,0,1 to 3 months,Male,21 - 40 years,10+2 or equivalent,11 to 15 years,Solukhumbu,Kathmandu,Solukhumbu
180826419,2021-05-28,0,0,1,0,0,0,0,0,0,0,0,0,0,0,0,0,0,0,1,0,0,0,4 to 6 months,Male,21 - 40 years,10+2 or equivalent,3 to 5 years,Gorkha,Kathmandu,"Mustang, Myagdi, Rasuwa, Solukhumbu"
180826930,2021-05-28,0,0,0,0,0,0,0,0,0,0,0,0,0,0,1,0,0,0,0,1,0,0,,Male,21 - 40 years,10+2 or equivalent,6 to 10 years,Okhaldhunga,Kathmandu,"Bhaktapur, Chitawan, Kapilbastu, Kaski, Kathmandu, Lalitpur, Manang, Mustang, Myagdi, Rasuwa, Solukhumbu"
180829175,2021-05-28,0,0,1,0,0,0,0,0,0,0,0,0,0,0,0,0,0,0,1,0,0,0,4 to 6 months,Male,21 - 40 years,10+2 or equivalent,6 to 10 years,Dhading,Kathmandu,"Ilam, Manang, Mustang, Rasuwa, Solukhumbu"
180832982,2021-05-28,0,0,1,0,0,0,1,0,0,0,0,0,0,0,0,0,0,1,1,0,0,0,4 to 6 months,Male,21 - 40 years,10+2 or equivalent,11 to 15 years,Kathmandu,Solukhumbu,Solukhumbu
180841622,2021-05-28,0,1,1,0,0,0,0,0,0,0,0,0,0,0,0,0,0,0,0,1,0,0,,Male,21 - 40 years,10+2 or equivalent,3 to 5 years,Gorkha,Kathmandu,"Bhaktapur, Gorkha, Kaski, Kathmandu, Lamjung, Manang, Myagdi, Nuwakot, Rasuwa"
180860137,2021-05-28,0,0,1,0,0,0,0,0,0,0,0,0,0,0,0,0,0,0,1,0,0,0,4 to 6 months,Male,21 - 40 years,10+2 or equivalent,3 to 5 years,Solukhumbu,Lalitpur,"Kaski, Manang, Mustang, Sankhuwasabha, Solukhumbu"
180914751,2021-05-29,0,1,0,0,0,0,0,0,0,0,0,0,0,0,0,0,0,1,1,0,0,0,4 to 6 months,Female,21 - 40 years,Bachelor's degree or equivalent,11 to 15 years,Kathmandu,Kathmandu,"Bhaktapur, Chitawan, Kaski, Kathmandu, Lalitpur"
180923301,2021-05-29,0,1,1,0,0,0,0,0,0,0,0,0,0,0,0,0,0,1,1,0,0,1,1 to 3 months,Male,21 - 40 years,Master's degree or higher,11 to 15 years,Solukhumbu,Kathmandu,"Bhaktapur, Chitawan, Dhading, Dolakha, Dolpa, Gorkha, Ilam, Kaski, Kathmandu, Lalitpur, Manang, Mugu, Mustang, Myagdi, Ramechhap, Rasuwa, Sankhuwasabha, Solukhumbu, Taplejung"
180936809,2021-05-29,0,0,1,0,0,0,0,0,0,0,0,0,0,0,0,0,0,0,1,1,0,0,4 to 6 months,Male,21 - 40 years,10+2 or equivalent,6 to 10 years,Dhading,Dhading,"Dhading, Gorkha, Ilam, Kathmandu, Kavrepalanchok, Lalitpur, Lamjung, Makwanpur, Manang, Mustang, Myagdi, Okhaldhunga, Panchthar, Parbat, Rasuwa, Sindhupalchok, Solukhumbu, Taplejung, Terhathum, Udayapur"
181114258,2021-05-30,0,0,1,0,1,0,0,0,0,0,0,0,0,0,0,0,1,1,1,0,0,0,4 to 6 months,Male,41 - 60 years,Can read and/or write,15 years or more,Solukhumbu,Kathmandu,Solukhumbu
181639316,2021-06-01,0,1,1,0,0,0,0,0,0,0,0,0,0,0,0,0,0,1,1,0,0,0,4 to 6 months,Male,21 - 40 years,Master's degree or higher,3 to 5 years,Gorkha,Kathmandu,Kathmandu
181652556,2021-06-01,0,0,1,0,0,0,0,0,0,0,0,0,0,0,0,0,0,0,1,0,0,0,7 to 9 months,Male,21 - 40 years,Bachelor's degree or equivalent,6 to 10 years,Gorkha,Kathmandu,"Bhaktapur, Chitawan, Gorkha, Kaski, Kathmandu, Kavrepalanchok, Lamjung, Manang, Mustang, Myagdi, Rasuwa, Sindhupalchok, Solukhumbu"
181654266,2021-06-01,0,0,1,0,0,0,0,0,0,0,0,0,0,0,0,0,0,0,1,0,0,0,1 to 3 months,Male,21 - 40 years,10+2 or equivalent,6 to 10 years,Dhading,Kathmandu,"Bhaktapur, Chitawan, Dhading, Dolpa, Gorkha, Jumla, Kalikot, Kaski, Kathmandu, Kavrepalanchok, Lamjung, Mustang, Myagdi, Nuwakot, Okhaldhunga, Parbat, Ramechhap, Rasuwa, Solukhumbu, Tanahu"
181764999,2021-06-01,0,0,0,0,0,0,0,0,0,0,0,1,0,0,0,0,1,1,0,0,1,0,,Male,41 - 60 years,Master's degree or higher,15 years or more,Makwanpur,Lalitpur,Kathmandu
181938236,2021-06-02,0,0,1,0,0,0,0,0,0,0,0,0,0,0,0,0,0,1,1,0,0,0,4 to 6 months,Male,41 - 60 years,Can read and/or write,15 years or more,Solukhumbu,Kathmandu,"Dolakha, Gorkha, Humla, Ilam, Kaski, Kathmandu, Manang, Mugu, Mustang, Myagdi, Panchthar, Solukhumbu, Taplejung, Terhathum"
182878662,2021-06-06,0,0,1,0,0,0,0,0,0,0,0,0,0,0,0,0,0,1,1,0,0,0,4 to 6 months,Male,41 - 60 years,SLC or equivalent,15 years or more,Okhaldhunga,Kathmandu,"Kaski, Kathmandu, Kavrepalanchok, Lalitpur, Lamjung, Manang, Mugu, Mustang, Myagdi, Okhaldhunga, Rasuwa, Sankhuwasabha, Solukhumbu, Taplejung"
183145777,2021-06-07,0,1,0,0,0,0,0,0,0,0,0,0,0,0,0,0,0,1,1,0,0,0,4 to 6 months,Male,41 - 60 years,Can read and/or write,15 years or more,Solukhumbu,Kathmandu,Solukhumbu
183427267,2021-06-08,0,0,1,0,0,0,0,0,0,0,0,0,0,0,0,0,0,1,1,0,0,0,4 to 6 months,Male,41 - 60 years,10+2 or equivalent,15 years or more,Solukhumbu,Kathmandu,"Dhankuta, Dolakha, Dolpa, Gorkha, Humla, Ilam, Jumla, Kaski, Kathmandu, Kavrepalanchok, Lamjung, Manang, Mugu, Mustang, Myagdi, Panchthar, Ramechhap, Rasuwa, Rolpa, Rukum West, Sankhuwasabha, Solukhumbu, Surkhet, Tanahu, Taplejung, Terhathum"
184122514,2021-06-10,0,0,1,0,0,0,0,0,0,0,0,0,0,0,0,0,0,1,0,1,0,0,,Male,41 - 60 years,SLC or equivalent,11 to 15 years,Solukhumbu,Kathmandu,"Baglung, Chitawan, Gorkha, Kaski, Kathmandu, Lamjung, Manang, Mustang, Myagdi, Rasuwa, Sankhuwasabha, Solukhumbu, Syangja, Taplejung, Terhathum"
184597837,2021-06-12,0,0,1,0,0,0,0,0,0,0,0,0,0,0,0,0,0,1,1,0,0,0,4 to 6 months,Male,21 - 40 years,Can read and/or write,15 years or more,Solukhumbu,Kathmandu,"Kaski, Lamjung, Manang, Mustang, Nuwakot, Rasuwa, Sankhuwasabha, Solukhumbu, Taplejung"
184621493,2021-06-12,0,0,1,0,0,0,0,0,0,0,0,0,0,0,0,0,0,1,1,0,0,0,4 to 6 months,Male,21 - 40 years,10+2 or equivalent,6 to 10 years,Jhapa,Kathmandu,"Bhaktapur, Chitawan, Gorkha, Kaski, Kathmandu, Lamjung, Manang, Mustang, Solukhumbu, Taplejung"
184631398,2021-06-12,0,0,1,0,0,0,0,0,0,0,0,0,0,0,0,0,0,1,1,1,0,0,1 to 3 months,Male,21 - 40 years,SLC or equivalent,6 to 10 years,Solukhumbu,Kathmandu,"Kaski, Solukhumbu"
184795362,2021-06-13,0,0,0,0,0,0,0,0,0,0,0,1,0,0,1,0,0,0,1,0,0,0,4 to 6 months,Male,Less than 20 years,10+2 or equivalent,3 to 5 years,Solukhumbu,Kathmandu,"Dolpa, Gorkha, Kaski, Kathmandu, Lamjung, Manang, Mustang, Solukhumbu"
184805780,2021-06-13,0,0,1,0,0,0,0,0,0,0,0,0,0,0,0,0,0,1,1,0,0,0,4 to 6 months,Male,41 - 60 years,SLC or equivalent,15 years or more,Solukhumbu,Kathmandu,"Bhaktapur, Bhojpur, Chitawan, Dolpa, Gorkha, Jumla, Kaski, Kathmandu, Kavrepalanchok, Lalitpur, Lamjung, Manang, Mugu, Mustang, Myagdi, Nuwakot, Okhaldhunga, Ramechhap, Rasuwa, Solukhumbu, Syangja"
